腾讯体育11月5日讯 2019-2020赛季中国女子排球超级联赛第一阶段第二轮，天津女排主场以3-0（25-17、25-18、25-19）击败河南女排，取得开门红,1
朱婷重返排超首秀得到5分,1
比赛焦点1、今年排超取消技术暂停，每队每局各有2次鹰眼挑战机会和2次暂停机会,1
2、朱婷迎来重返排超首秀，面对老东家河南女排打了前两局，得到5分,1
3、天津女排以3-0赢得开门红，但朱婷第三局下场后球队一传漏洞不断，要想争冠这一环节还需加强,1
精彩回放首局比赛，王媛媛快攻拿下本场比赛第一分，朱婷一传失误，李盈莹进攻失误，天津女排1-3落后,2
胡克尔二号位强攻打中，李盈莹平拉开得手，天津女排打出一波小高潮，以5-4反超,2
姚迪拦网建功，朱婷四号位反击得手，天津女排以8-6领先,2
河南队虽然整体实力处于下风，但开局紧咬住比分,2
王媛媛短平快打中，李盈莹四号位反击斜线命中，朱婷后排防守起球，胡克尔二号位下球，毛钧怡处理球界外，天津在朱婷发球轮连得三分，以14-9拉开比分,2
胡克尔二号位被拦死，李盈莹巧打得分，天津女排16-12领跑,2
李伟伟快球下网，李盈莹反击小斜线得手，胡克尔发球直接得分，李雅楠反击背快打成，天津女排20-12扩大战果,2
李盈莹反击界外，河南队艰难渡轮,2
李雅楠吊球得分，王媛媛拦网建功，帮助球队24-15夺得局点，胡克尔与队友配合拦网得分，天津女排以25-17拔得头筹,2
第二局比赛，天津女排开局0-2落后，河南队配合失误，李盈莹反击打中，朱婷的发球轮连续建功，帮助球队以4-2反超,2
胡克尔二号位吊球得手，随后拦网得分，3-7落后焦帅请求暂停，李盈莹四号位扣中，天津女排以8-5占先,2
李盈莹发球破攻，毛钧怡调整进攻出界，天津女排打出5-1的冲击波，以13-6扩大战果,2
朱婷网口扣杀得手，李雅楠发球失误，张梓涵发球送失误大礼，天津队有效拦网，胡克尔二号位反击打成，天津女排以16-8遥遥领先,2
王媛媛三号位短平快被拦死，朱婷高点进攻打中，天津女排以17-10继续领跑,2
胡克尔调整强攻得分，李盈莹四号位平拉开打中，20-12双方多回合胶着，朱婷后攻解决问题，21-13后朱婷再次被于]炜换下，天津一传波动连续丢分，河南触网失误，天津24-18拿到局点，于]炜反击得手，天津女排以25-18再下一城，局分2-0领先,2
第三局比赛，天津女排变阵，李盈莹和于]炜搭档主攻，胡克尔出任接应，朱婷没有在场上，天津一传不太稳定，进攻不够流畅，一度以5-7落后，李盈莹暴露性强攻得手，韩雯雅大斜线扣中，河南女排以8-7暂时领先,2
随后的比赛，两支队伍打得都不够紧凑，攻传配合都有一些生疏，比分交替上升，王媛媛反击快攻打中，天津女排以13-11领先,2
王媛媛的快攻屡试不爽，于]炜反击打手出界，天津女排以16-14继续领跑,2
接下来，王媛媛发球破攻，李雅楠探头球得手，天津女排以18-14逼迫焦帅请求暂停,2
李盈莹和胡克尔的进攻接连打成，22-15后李盈莹轻吊得分，天津追至19-23，陈友泉请求暂停，胡克尔后攻打中，于]炜四号位打手出界，天津女排25-19胜出，局分3-0击败河南女排，取得开门红,2
技术统计天津女排李盈莹得到11分、胡克尔8分、王媛媛和李雅楠6分、朱婷打了前两局得到5分,2
河南队韩雯雅7分、李伟伟得到5分、毛钧怡和翟嗣琪都得到4分,2
首发阵容天津女排的首发阵容为主攻朱婷、李盈莹，副攻王媛媛、李雅楠，接应胡克尔，二传姚迪，双自由人刘立雯和孟子旋,1
河南女排首发为主攻翟嗣琪、韩雯雅，副攻李伟伟、李培佳，接应毛钧怡，二传张梓涵，自由人毛雅静,1
朱婷加盟天津队继CBA开打之后，2019~2020赛季中国女排超级联赛于11月2日鸣锣开张,1
曾是中国女排“重炮手”、31岁的老将王一梅首发出战，得到18分，帮助辽宁女排3比1逆转云南女排，赢得开门红,1
与16年前首次踏上女排联赛相比，王一梅如今多了一重身份――辽宁女排总经理,1
初任球队总经理，王一梅就破天荒引进了3名外援，为辽宁队带来新的变化和气象,1
说到变化，本赛季的中国女排超级联赛也不遑多让,1
从赛制到赛期，从争冠格局到大牌外援驾到，女排超级联赛再次给人耳目一新之感,1
联赛缩水为奥运备战让路本赛季的中国女排超级联赛始于11月2日，预计在2020年1月21日收官,1
与上赛季相比，赛期缩短了将近两个月,1
此外，本赛季的赛制变化也很大,1
上赛季，女排超级联赛第一阶段采用赛会制的形式进行，7天6战决出8强,1
本赛季第一阶段比赛则取消了赛会制，再次回到主客场制,1
14支球队分为4个组，各组前两名晋级8强,1
第二阶段排位赛的赛制也由以往的单循环赛改为两组主客场双循环赛,1
半决赛采用3场2胜制，决赛仍实行5场3胜制,1
如此算来，本赛季的冠军最多出战18场，而成绩最差的只有11场比赛可打,1
联赛之所以大幅缩水，是因为中国排协意在为中国女排集训备战2020年东京奥运会预留出更多时间,1
里约奥运周期，中国女排在三大赛上取得了2冠1亚，并在里约奥运会上登顶,1
东京奥运周期，中国女排已经获得2018年世锦赛季军、2019年世界杯冠军,1
2020年东京奥运会无疑是中国女排本周期最看重的比赛,1
东京奥运会将于2020年7月24日开幕，满打满算，缩短联赛后，留给中国女排集训的时间有6个月,1
这能够为中国女排调整状态、研究意大利队、塞尔维亚队、美国队等强敌预留更多时间,1
6队13名外援创历史11月2日，上海女排坐镇主场，以3比0击败河北女排，拿下首场胜利,1
此役，上海女排两名外援发挥不俗,1
德国人利普曼斩获全场最高的19分，美国人拉尔森得到15分，两人位列上海队得分榜前两位,1
利普曼是何人,1
她是德国女排当家球星,1
中国球迷对拉尔森则更加熟悉，她是美国女排的第一主攻,1
她们的到来让上海女排的进攻火力提升了好几个档次,1
说到外援，自恒大女排2010~2011赛季首次引进外援以来，外援已经成为了各支球队快速提升实力的不二选择,1
据记者统计，本赛季有北京队、天津队、辽宁队、上海队、广东队、浙江队共6支球队引进了13名外援,1
其中，北京女排和辽宁女排均引入了3名外援，引援力度最大,1
除了人数众多，外援实力也堪称历史最强,1
上赛季，上海女排引入了韩国球星金软景，她被誉为女排联赛史上最大牌外援,1
上赛季结束，金软景重返土耳其女排联赛,1
美国主攻拉尔森、俄罗斯接应科舍列娃、美国接应胡尔克的实力和名气不在金软景之下，她们的到来将在一定程度上提高联赛的曝光度，增加比赛的观赏性,1
争冠格局略有变化“新赛季的目标是保四争冠,1
”北京女排主教练张建章给自己和球队定了调,1
上赛季，不被看好的北京女排在二次转会市场上引入了国手丁霞和王梦洁，实力大涨,1
决赛中，北京女排击败老牌劲旅天津女排，首夺联赛冠军,1
然而，本赛季的女排超级联赛取消了二次转会政策，虽然北京队成功续约鲁尔克和迪克森，并引入了第3名外援――美国主攻巴奇，但整体实力较之上赛季仍然有所回落,1
因此，张建章调低了目标,1
天津队则不降反升,1
除了引进外援胡尔克，天津女排休赛期成功牵手朱婷,1
朱婷是当今世界第一主攻，攻防俱佳，加之队内已有姚迪、李盈盈等多名国手，天津女排因而被视为冠军的最大热门,1
当然，江苏队也不容忽视,1
虽然没有引进外援，但江苏女排本土球员实力强,1
主攻张常宁、接应龚翔宇、二传刁琳宇、自由人倪非凡等人都在国家队效力，更兼主教练蔡斌有“小诸葛”之智，江苏队同样是冠军的有力争夺者,1
至于四强席位，辽宁女排、恒大女排(引进两名外援，以及从福建队引进郑益昕、林莉两名国手)同样虎视眈眈,1
冠军最终花落谁手，值得拭目以待,1
本报讯（记者谢晨）2019-2020赛季中国女排超级联赛11月2日揭幕，天津渤海银行女排5日晚将在主场迎来新赛季首秀,1
除了阵容实力进一步提升以外，天津队主场――天津市人民体育馆的软硬件设施也全面升级，力争营造最佳的赛场氛围,1
首先，排超天津赛区更换了全新的比赛地胶，由原来的两色地胶升级为符合国际标准的三色地胶,1
观众观赛时，能更直观地看清区域划分，从而提升观赛体验,1
其次，为回报球迷的支持和鼓励，天津赛区首次设立了球迷服务站，地点位于市人民体育馆外，是集排球培训、排球场地预约、纪念品售卖、迷你博物馆以及球迷留言墙为一体的多功能服务站,1
球迷朋友们可以前往咨询排球相关事宜，亲身体验排球的乐趣,1
参观天津女排历史、物件展览，更深入了解天津女排,1
为支持的队员留言应援，做天津女排最坚实的后盾,1
再次，天津赛区本赛季聘请了国际顶级DJ团队，强劲的现场音效将营造出不一样的主场氛围,1
天津队主帅陈友泉以及很多队员还录制了出场特效视频,1
在出场仪式环节，伴随现场DJ的介绍与劲爆的音乐，对应出场球员的特效视频也会在现场大屏幕上播出，引爆现场气氛，激发现场球迷为天津女排加油助威的热情,1
第四，天津赛区本赛季正式将“牵手球童”加入队伍出场仪式环节，每一名牵手球童都是天津市各业训基地和小学的排球运动员,1
此外，天津赛区本赛季还在现场为球迷们准备了难度系数五颗星的摸高机,1
李盈莹的扣球高度是3.19米，如果您也可以达到这一高度，那么摸高机不仅会为您亮起黄灯，更有神秘惊喜等着您,2
北京10月31日凌晨，意大利女排甲级联赛迎来一场焦点之战――中国选手王思敏加盟的布斯托阿西奇奥女排客场迎战上届意甲冠军诺瓦拉女排,1
"双方激战4局之后，诺瓦拉以3-1险胜布斯托阿西奇奥，四局比分为28-26, 31-29, 23-25, 25-22",1
由于队内自由人莱奥纳迪手指受伤，王思敏迎来了自己的意甲首秀,1
本场比赛，她首发登场，全场共接了40个一传，基本到位率50%，完全到位率43%，凭借出色的表现获得了队内和球迷的广泛认可,1
和队友之间精妙的配合，出色的技术能力，让我们看到了这位年轻球员身上的巨大潜力,1
在留洋之初王思敏给自己定下了一个目标：“我去意大利打排球，最大的目标是成为真正的职业运动员在意大利联赛中锻炼、提升自己,1
”好的开始，往往是成功的一半，相信未来她能不断推进实现自己的目标,1
谈及在意甲联赛首次登场的感受，王思敏坦言：意大利联赛云集了众多世界级的球星，意甲的比赛是进攻速度最快的比赛,1
我自己的特点是下肢力量好，速度可以拉的起来，但刚开始投入到室内赛的训练时有点速度跟不上，非常感谢体能教练和技术教练对我的帮助，让我在力量速度上都有了很大的提升,1
主力自由人的意外受伤，让所有人措手不及，这个赛季我给自己的定位是学习，做好替补，这个突如其来的变化让我很紧张，但我会把握住机会，在实战中不断提升自己,1
对于自己的意甲首秀，王思敏如此评价道：“很遗憾我们没能在客场获得胜利,1
一传方面我接了很多球，但在两人结合部位置上存在问题，不明确不够果断导致失误，但教练和队长给予我非常大支持鼓励，认为我完成的非常出色,1
我希望在后面的比赛中我们可以赢得更多的胜利，感谢一直关心我的球迷，希望自己在以后越来越强大,1
”布斯托・阿西奇奥俱乐部（Unet E-Work Busto Arsizio）是一家位于伦巴第大区的意大利女排最高级别A1联赛的俱乐部,1
曾赢得3次欧联杯冠军，及多次意大利超级杯、A1联赛、联盟杯赛冠军,1
加盟意大利最受欢迎的排球俱乐部，王思敏势必将会受到越来越多的关注,1
布斯托在社交媒体上是最受欢迎的意甲女排俱乐部本月中旬，王思敏正式转会加盟意甲劲旅布斯托,1
仅过半个月，她就迎来自己的意甲首秀，期待着她能在联赛中越走越远,1
腾讯体育10月31日讯 电影《中国女排》今日发布“态度”版海报，巩俐饰演的郎平落泪形象首度曝光,1
这组海报在凸显郎平霸气“王者”风范的同时，也展现了郎平“铁榔头”名号背后柔情的一面,1
“中国女排，流血不流泪，掉皮不掉队”的文字配上#巩俐哭了#的画面，铁血与柔情的反差跃然而出，看到#中国女排海报#，也令人甚是好奇郎平落泪背后的故事,1
电影《中国女排》由导演陈可辛执导、巩俐主演，并将于2020年大年初一全国上映,1
此前，电影发布“千锤百炼”版海报,1
每一次山呼海啸的胜利都来自背后的千锤百炼,1
即使伤痕累累，依然阔步前行，这就是中国女排,1
《中国女排》由中国香港导演陈可辛执导，陈可辛透露，电影《中国女排》时间跨度40年，讲述几代女排的热血故事,1
电影将于2020年大年初一上映，对此，郎平表示：“期待已久”,1
据此前报道，电影《中国女排》的准备工作在一年前已启动,1
陈可辛导演为筹备该电影，曾多次带团队前往各地考察女排比赛,1
该片将重现几代中国女排不断拼搏的故事，力图重现女排明知赢不了也要拼的精神,1
今年4月，在中国女排的娘家福建漳州，两代功勋主帅郎平、陈忠和与香港导演陈可辛共同启动了《中国女排》电影的拍摄,1
据悉，影片将于2020年大年初一公映,1
新华社北京10月28日电（记者徐征）28日，64岁的老帅沈富麟临危受命，时隔20余年再度挑起了中国男排主教练这一重担,1
对于自己所面临的挑战，沈富麟有着清醒的认识，他表示，两个月之后要率领中国男排冲击2020年东京奥运会的资格，时间非常紧迫，而中国男排当前迫切需要解决的问题就是形成团队的精神核心和骨干球员,1
沈富麟曾于1990年至1997年担任中国男排主教练，并率队获得过亚运会和亚锦赛的亚军,1
此次再次执教中国男排，沈富麟说：“作为从事了50年的排球运动员和教练，我对排球有深厚的感情,1
在今天这个特殊的日子里，我想没有什么豪言壮语，因为离奥运会亚洲区资格赛仅仅只有两个月的时间，如何将这些队员凝聚在一起，共同努力去完成最后的冲刺，是我这个教练组必须要考虑的问题,1
这需要落实到每一天的训练，对得起每一天，对得起过去的每一分钟，尽心尽职地做好每一件事情，集中精力瞄准目标去努力，这是我想说的感受,1
”中国男排于2017年聘请了首位外籍主帅洛萨诺，不过成绩并不理想,1
2019年奥运会资格赛世界组比赛中国男排未能获得出线资格，中国男排也同洛萨诺解除了聘任合同,1
因此，沈富麟上任之后的首个任务，也是中国男排本年度最重要的一场赛事，就是于2020年1月7日至12日在广东江门举行的东京奥运会亚洲区男排资格赛，中国队将同伊朗、澳大利亚、韩国等强队一同争夺进军东京奥运会的资格,1
沈富麟表示，目前中国男排急需解决的问题是打造核心,1
他说：“众所周知，排球是集体项目，成功是建立在集体的力量上,1
我感觉男排目前比较缺乏团队的精神，在短时间内如何形成团队精神，培养骨干，在比赛和训练中碰到困难和挫折能够起到凝聚力的作用，起到骨干的作用，是当前迫切需要解决的问题,1
”沈富麟认为，两个月要解决技术问题很难，因此更需要在“精气神”三个字上下功夫,1
他说：“其实榜样就在身边，我要求队员首先要向中国女排学习，学习她们为国争光的责任感，为国争光的担当和精神,1
我个人认为，男排具备一定实力，但如何表现出整体实力，需要我们思想的统一,1
在短短的两个月时间里，我想在能力上有多大的进步确实很困难，但要有思想，把队员的思想集中到一个点上面，大家能够有这种担当和责任感，在行动上能够体现出来,1
在能力上，在原有的基础上进一步细化、加固，可能是我们这次集训的主要目标,1
”已经从事了排球工作近50年的沈富麟说，很清楚担任中国男排主教练所面临的困难，但是希望通过自己的努力去克服,1
他说：“从70年开始到现在接触排球50年了，我在这段时间里做过方方面面的工作，但始终没有离开过排球,1
这是我一贯的思想：敢于挑战,1
朱婷亮相天津女排出征仪式新华社天津10月28日电（记者张泽伟 王浩宇）国内女排联赛的“霸主”天津渤海银行女排28日举行新赛季出征仪式，喊出了“冲击联赛第12冠、世俱杯上有突破”的赛季目标,1
联赛“11冠王”天津女排上赛季屈居亚军，新赛季加大投入，卷土重来,1
在拥有姚迪、李盈莹、王媛媛三名国手的基础上，新赛季又招兵买马，将“世界第一主攻”朱婷、美国女排原主力接应胡克尔招致麾下,1
朱婷当天与球队全体成员亮相出征仪式，受到热烈欢迎,1
她说：“很荣幸能加入天津女排这支冠军之师，也希望自己在今年的联赛中，展现中国女排的风采，发挥出自己的优势，带领球队打出更好的成绩,1
”随着强援的加盟和各方面支持力度的增强，天津女排主教练陈友泉承认，球队在新赛季的综合实力有很大提升,1
“新赛季各支球队也都引进了球员，联赛会更加精彩，竞争也会更加激烈,1
我们要展现更好的精神面貌和技术水平，向第12个联赛冠军发起冲击,1
新赛季，天津女排除了联赛，还将参加世俱杯,1
陈友泉说：“世俱杯上都是世界上超一流的队伍，我们会珍惜这次学习、提高、展示的机会，也会争取在世俱杯上取得成绩上的新突破，为天津争光、为祖国添彩,1
”天津市体育局局长李克敏也对天津女排的新赛季提出新希望，她说：“作为天津体育的一面旗帜，天津女排创造了辉煌的过去,1
希望在新赛季的联赛和世俱杯中继续取得优异成绩，回馈赞助商的支持和球迷的厚爱,1
沈富麟担任中国男排主教练，任期至东京奥运会结束,1
腾讯体育10月28日讯国家体育总局排球管理中心28日正式宣布，上海排球协会会长沈富麟担任中国男排主教练，任期至东京奥运会结束,1
沈富麟出生于1955年，1976年入选中国男排，作为当年中国男排的二传手，与汪嘉伟、胡进等队友一起，在1981年夺得第届世界杯排球赛第五名的历史最好成绩，同时被评选为世界最佳二传手,1
当年的世界杯亚洲区资格赛，与队友们一起击败韩国队，夺得唯一一张世界杯入场券,1
沈富麟1984年走上教练员岗位，1990年-1997年担任国家男排主教练,1
期间，获得1991年亚锦赛季军、1994年亚运会亚军和1995年亚锦赛亚军,1
1997年，沈富麟回到上海再次成为上海男排主教练，执教期间培养了沈琼、汤淼、任琦等名将，带领上海男排多次获得国内联赛和全运会冠军,1
中国排协发文称：“沈富麟同志在国家男排比较困难、压力较大的时候能够站出来承担男排主教练重任，充分体现了一位老排球工作者的气魄和责任心，是中国男排的一笔宝贵财富,1
排球中心将全力支持国家男排和沈富麟同志的备战参赛工作，希望沈富麟同志能够带领中国男排赛出风格、赛出水平，赛出中国男排的精气神，我们有决心也有信心将备战参赛工作做好，努力争取实现既定目标,1
中国八一男排腾讯体育讯 北京时间10月26日晚，2019年第七届世界军人运动会男排比赛在武汉结束,1
中国八一男排在决赛中3-1力挫韩国队，时隔12年斩获队史上的军运会第二冠，四局比分为25-23、25-19、19-25和25-21,1
韩国和巴基斯坦分获本届军运会的银牌和铜牌,1
比赛焦点：1. 在世界军人运动会前六届比赛中，中国八一男排斩获1金2银,1
除2007年在印度海得拉巴举行的第四届军运会勇夺冠军外，在2003年和2011年两度摘得银牌,1
2. 中国八一男排在上届军运会仅获第5,1
本届招募江川、刘力宾、张哲嘉、缪阮彤等知名国手后，时隔8年再度闯入该赛事决赛,1
决赛中3-1力克韩国夺魁，是继2007年后、时隔12年斩获队史上的军运会第二冠，夺冠次数比肩意大利和巴西，奖牌数量增至2金2银,1
3. 中韩男排上一次在军运会相遇是2011年，当时中国八一在半决赛3-1逆袭对手闯入决赛,1
连续两届军运会季军收官后，此次韩国队在决赛不敌中国获得亚军，奖牌数量达到1金2银3铜，仍是该赛事获得奖牌最多的男排球队,1
战况回顾：首局韩国凭金成民的强攻和金在辉的探头6-3超出,1
江川2号位强打咬至5-7后，袁党毅没能防起对方二传黄承斌的处理球，中国在第一次技术暂停5-8落后,2
暂停后中国利用毛天一的强势发球扭转被动局面9-8反超,2
两队交替领先相持到15平后，金在辉发球下网，中国在第二次技术暂停16-15占先,2
16平后缪阮彤拦网得力、韩铉镇扣球出界，中国19-16超出,2
江川和张哲嘉一攻稳定力保3分优势，刘力宾反击打中24-20拿下局点,2
韩国连追3分迫近到23-24后，刘力宾4号位强攻一锤定音，中国25-23险胜先下一城,2
第二局中国在缪阮彤的发球轮5-1超出，韩国追至5-6后，中国调整主攻用老将仲为君换下袁党毅,2
张哲嘉攻拦强势，中国8-5领先进入第一次技术暂停,2
韩国队进攻不顺屡遭卡轮，缪阮彤、仲为君和江川相继拦网建功，中国在第二次技术暂停将比分拉开到16-10,2
仲为君强攻受挫仅领先3分，江川发扣强势、毛天一拦网成功，中国连获3分19-13领先,2
韩国追到18-22后，刘力宾一攻过轮、江川2号位反击打中，中国24-18夺下局点,2
对方靠刘力宾的发球失误扳回1分后，缪阮彤近体快得手，中国25-19再下一城，大比分2-0领先,2
第三局中国启用杜昊昱和缪阮彤搭档副攻，主攻线由仲为君和刘力宾担纲,1
中国一传和一攻屡遭挑战，在第一次技术暂停4-8落后,2
中国在韩铉镇的发球轮再遭卡轮6-13落后，相继换回主攻袁党毅和副攻张哲嘉,2
金在辉快攻命中，韩国16-9领先进入第二次技术暂停,2
10-18落后的中国在毛天一的强发球轮大举反扑，通过发球频频施压，连取6分迫近到16-18,2
黄承斌发球建功，韩国稳住阵脚20-16占先,2
中国一传屡有闪失在局末没能咬住，许洙奉强攻打中，韩国24-19赢得局点,2
刘力宾后攻下网，中国19-25落败被扳回一局,2
第四局中国换回先发阵容后发拦得力，在缪阮彤的发球轮3-0超出,2
江川进攻强势将比分拉开到6-2，韩国凭金成民的发球追至4-6,2
刘力宾4号位强攻下球，中国在第一次技术暂停8-5占先,2
刘力宾和江川在反轮连续3次扣球失误，韩国扳成9平,2
12平后张哲嘉抓探头、许洙奉扣球下网，中国15-12超出,2
张哲嘉短平快命中，中国16-13领先进入第二次技术暂停,2
韩国利用江川的失误迫近到18-19，江川拦住许洙奉的反击，中国成功过轮20-18占先,2
张哲嘉短平快扣中24-21拿下赛点，韩铉镇一攻不中被江川反击一锤定音，中国25-21获胜，3-1力擒韩国,2
技术统计：中国八一男排：接应江川30分（25扣4拦1发），主攻刘力宾15（14扣1拦），副攻张哲嘉12分（10扣2拦），副攻缪阮彤9分（5扣3拦1发），二传毛天一6分（2拦4发），替补主攻仲为君3分（2扣1拦）,2
韩国男排：接应许洙奉30分（29扣1拦），主攻金成民11分（9扣1拦1发），副攻安宇宰9分（6扣2拦1发），副攻金在辉6分（4扣2拦），二传黄承斌5分（2扣2拦1发）,2
双方首发：中国八一男排：主攻4号袁党毅、8号袁党毅，副攻1号缪阮彤、12号张哲嘉，接应2号江川，二传3号毛天一，自由人5号马晓腾,1
韩国男排：主攻7号金成民、17号韩铉镇，副攻11号金在辉、14号安宇宰，接应18号许洙奉，二传5号黄承斌，自由人3号郑成玄,1
其它赛果：在季军争夺战中，巴基斯坦男排3-0力克卡塔尔，历史性首获军运会铜牌，三局比分为25-20、25-21和25-16，卡塔尔队错失夺牌契机排名第4,1
5、6名决赛伊朗3-0击败巴西名列第5，三局比分为25-20、25-18和25-23，卫冕受挫的巴西落位第6,1
法国3-2险胜荷兰获第7，五局比分为25-15、22-25、21-25、25-16和15-5，荷兰排第8,1
委内瑞拉3-2力挫加拿大位居第9，五局比分为21-25、30-28、23-25、26-24和15-9，加拿大第10收官,1
 （随意也随风）,1
王之腾 资料图11月2日，2019-2020赛季女排超级联赛将正式开启，为了给国家队留出更多的备战东京奥运时间，本届联赛的赛程被大幅压缩，联赛最晚到1月21日结束，总计赛季长度只有两个多月的时间,1
10月23日，上海光明优倍女排举行了新赛季出征仪式,1
面对更强的对手、更密集的赛程，上海女排主教练王之腾喊出了冲入四强的目标,1
由于赛程压缩，赛制也随之改变,1
今年的女排超级联赛共有14支球队参加，分成四个小组（A、B组各三支球队，C、D组各四支球队）进行主客场双循环赛,1
其中上海位于C组，同组对手有山东、浙江和河北,1
各小组前两名进入前八名排位赛，A组前两名和C组的前两名进入E组，B组前两名和D组前两名进入F组,1
理论上讲，上海女排被认为是C组实力最强的球队，一旦进入八强，将和A组前两名进入E组,2
A组三支球队分别为北京、福建和八一,2
所以，上海女排在四强赛之前，不会碰到天津、江苏和恒大等强队,2
分组看似乐观，王之腾却很谨慎：“今年的比赛场次是少了，但密集程度更高，从小组赛开始场场都很关键，因为小组赛的胜场积分要带入之后的阶段,1
”对于各支球队来说，这也对持续作战能力提出了高要求，“赛季中没有很长的调整时间，考验球员的体能和打法,1
”新赛季的排超联赛强队云集,1
中国女排队长朱婷加盟天津队，卫冕冠军北京队拥有多名国手和强援，辽宁、广东等队也都具备不俗的实力,1
面对越来越激烈的竞争，王之腾坦言，最主要的还是要做好自己,1
“自从我带队到现在，联赛水平一年比一年高，激烈程度和各队的重视也越来越强,1
以往，一两个强力外援就能将队伍带到一个比较高的水平，如今更要看本土队员的水平和外援是否能融入全队,1
拉尔森（前左）、利普曼（前右）和上海女排队友自拍 本报记者李铭|摄不选最贵的，只选最合适的，23日在上海光明优倍女排的新赛季出征仪式上，两名新外援亮相，引人瞩目,1
美国女排国家队现任队长、世界顶尖主攻手乔丹・拉尔森，以及德国女排国家队主力接应路伊萨・利普曼初抵上海，用大大的笑脸迎接新队友，新赛季要携队友向更高目标发起冲击,1
美国队长拉尔森在9月份的女排世界杯期间，便迫不及待地告诉本报记者：“我马上就要来上海了，新征程令人期待,1
”拉尔森出生于1986年10月，虽然身高只有1.88米，但扣球高度达到3.02米、拦网高度达到2.95米，属于技巧型主攻,1
她的手法以及线路比较灵活，攻防全面，有着世界头号“保姆主攻”的头衔，其进攻速度快、处理球线路和手法多变，再加上发球、拦网、一传和防守技术都很过硬，是一名综合价值极高的主攻,2
自2010年起，拉尔森成为美国女排绝对主力，帮助球队在2011年世界杯和2012年伦敦奥运会两夺亚军，并在今年女排世界杯上夺得第三名,2
上赛季效力于土耳其联赛伊萨奇巴希俱乐部，拉尔森的身价是100万欧元,1
以30多岁的年纪，还能享受世界女子排坛顶级年薪，这也足以证明拉尔森的能力和价值所在,1
25岁的路伊萨・利普曼身高1.91米，扣球高度达到3.19米、拦网高度达到3.08米，是一位进攻型接应，是德国女排的进攻核心,2
利普曼已经同球队汇合了一段时间，很快便融入了上海的新生活,1
而拉尔森抵沪还不到一周，此前一直在参加各类赛事，保持着高强度的训练水平和身体状态,1
上海女排主帅王之腾告诉记者：“去年联赛打到尾声时，我们就敲定了这两名外援，一个是在接应的位置上补强，而主攻拉尔森在美国国家队有多年的大赛经验，另外她的技术比较细，比较适合上海队的打法,1
”出征仪式上，利普曼有未婚夫的陪伴，而拉尔森则带上了老爸，两人招呼队友们一起自拍合影，气氛相当轻松愉快,1
新华社武汉10月24日电（记者王镜宇、廖君、王梦）虽然在第七届世界军人运动会女排赛场上留下了遗憾，但女排世界杯冠军成员刘晏含近日接受新华社独家专访时表示，面对竞争和挑战她依然会保持坚定的目标，放手冲击,1
中国队球员刘晏含（中）在比赛中庆祝得分,1
军运会略有遗憾当队长考验心理在22日晚进行的军运会女排决赛中，中国队以1:3输给了上届冠军巴西队,1
以队长身份出战的刘晏含在复盘比赛的时候说：“这场比赛大家期盼已久，前前后后也做了挺多准备、挺多预演,1
但是可能在临场的时候，在比分胶着的时候，一些细小分差导致了我们大家心态上的一些微弱变化，也影响了比赛走向，我觉得稍微有一点遗憾,1
”这是刘晏含的第三次军运会之旅，前两次也是在决赛中输给巴西队,1
刘晏含坦言，赛前她总结了前两届遇到的各种情况，也和队友做了分享，自己也考虑了方方面面的情况，但最终这些准备还是没能带来好的结果,1
“在这种水平比较接近的情况下，准备上面比较充分了，但在临场怎么能把我们的作用发挥到最大化，我觉得是这次比赛让我们看到的最大一个问题,1
”在本次军运会上，刘晏含担任队长，此前在亚锦赛上她也曾以队长身份出征,1
她说，当队长的确需要承担更多压力,1
“这个位置不光要自己做好，也要能号召全队，需要挑战自我的心理，就是怎么能在自己不顺的时候，放下自己融入队里，还要始终保持一个很好的精神面貌，带领大家去拼搏,1
包括自己在场下也要多去了解队友、了解对手，争取在场上有问题的时候可以有针对性地跟大家商量，找到解决的办法,1
”中国队球员刘晏含（左一）在比赛中拦网,1
适应新位置对巴西队的决赛中，刘晏含进攻成功率不太高,1
她承认，自己还在适应“接应”这个新位置,1
“她们的防守特别好，你就容易着急,1
确实也是这个位置对我来说没有主攻那么顺、那么熟悉，自己也是在有比赛压力的情况下、包括作为队长的情况下，一直在做积极调整,1
然而，临场确实也是有自己发挥不太理想的地方，这个也需要自己后面慢慢总结，争取能够有更大的进步和提高,1
”在里约奥运会周期，刘晏含在国家队的时候主要出现在主攻位置上,1
东京奥运周期，队伍人员有一些变化,1
在今年的世界杯赛中，刘晏含是以“接应”身份出征,1
她说，自己还需要磨炼和提升,1
“肯定没有自己的本位这么熟悉，它涉及的东西会比以前更多,1
比方说在拦网转身以后，你要去考虑到接应球，以前打主攻的话，你可能第一反应先是撤出去准备进攻,1
然后还有一些串联上面，主要是跟二传之间的球怎么配合，到位的球、不到位的球，包括换了位置的拦网，都有一些区别,1
在这个位置自己确实打过，但是我觉得想要挑战更高的水平，还是需要更好地去磨炼,1
”刘晏含说，在国家队时，她主要还是替补,1
郎导对她的要求是在场下一定要做好提前准备，争取能够在场上以最快速度融入到队伍中,1
回到八一队，她就需要更好地承担作为主力队员的责任,1
在武汉进行的第七届世界军人运动会女子排球决赛中，中国队以1比3不敌巴西队，获得亚军,1
中国队球员在比赛前敬礼,1
直面竞争跟随郎导收获多在不久前结束的女排世界杯赛中，中国队有16名球员随队夺冠,1
但是，明年的东京奥运会只有12个队员席位，竞争将比今年更加激烈,1
刘晏含说：“首先我觉得竞争激烈是非常正常的事情，也是一件好事，因为它是一个良性促进,1
因为有了这些竞争，我们才能够有更好的实力去跟世界强手抗衡,1
对于我来说，还是力争做好自己，因为确实我比较热爱这项事业,1
强手很多，值得自己学习的地方也特别多，这么多年我也一直努力地想去改进自己，向这些强手们靠近,1
我觉得还是需要把自己的问题能够再剖析得细致一点，想想怎么去解决,1
总结一句话，就是要目标坚定，然后放手冲击,1
”自里约奥运会周期开始，刘晏含已经跟随郎平训练和征战数年,1
她说，自己受益最多的是强大的意志力,1
“我觉得郎导比较以身作则，我们一直看到作为一个优秀的运动员、教练员，她是怎样在每一天点点滴滴当中积累，把每一件小事都做好，然后随时以一种很高的要求去要求自己,1
踏踏实实做好每一天的准备，最后呈现出一个比较好的结果,1
我觉得我身上受益最多的，首先是一个强大的意志力，其次是在平时生活中的踏实、认真、仔细,1
她的言传身教，我受益比较大,1
”中国队球员在颁奖仪式上,1
女排卧推超男篮,1
那只是传说在9月份的男篮世界杯赛中，中国男篮的表现不太理想,1
网上有一些消息说，一些男篮队员的卧推实力还不如中国女排姑娘,1
当记者向刘晏含“求证”时，她笑着说：“不敢这么说,1
男篮毕竟是男运动员，我们女运动员肯定不能相提并论,1
但确实我们在力量上面来讲也还可以,1
”刘晏含说，如果要提卧推成绩，她只能提“当年勇”,1
“好像自己在18岁那会吧，差不多推过70、75（公斤）,1
”在中国女排之中，刘晏含是英语表达能力最强的队员之一，经常在赛后用英文接受国际排联的采访,1
刘晏含透露，她从小学三年级就开始上英文班，初三的时候才去专业队，在学校的时候英语课成绩也还可以，模仿能力也比较强，对语言也有一些兴趣和爱好,1
中国队球员刘晏含（右二）在比赛中接球,1
本届军运会期间，刘晏含和国外运动员有不少交流和互动,1
她说：“我们有机会就会去交流一下，问问她们对于武汉的印象，对这次军运会的印象，她们的反响都非常好,1
我也很欣赏国外运动员的这种打球的态度，她们很乐观,1
去跟大家交流，看到各个国家的文化、各个国家的想法，我觉得这是让我感觉到比较有意思的地方,1
”今年2月，刘晏含就到国家队报到，是最早参加集训的队员之一,1
漫长的赛季结束之后，她坦言今年的赛程确实比较密集,1
“希望力争把每个比赛打好，这需要一天不能停地积累，凡事贵在一个坚持，”她说,1
“不会厌倦吗,1
在不顺的时候、茫然的时候，但自己还是会去攻克这些，”刘晏含说,1
11月初，国内的排球联赛就要开始，留给刘晏含休息、调整的日子屈指可数,1
她说，在宝贵的休息时间里，她希望能多陪陪家人,1
中国队在刚刚结束的第七届世界军人运动会女排比赛中再次获得亚军，随队征战的八一女排名将、世界杯冠军袁心h23日接受了新华社独家专访,1
开幕式宣誓紧张，军运会还要冲金在22日晚的决赛中，中国队以1:3负于此前曾在小组赛中输给过自己的巴西队,1
在第二局比赛中，到后排时被替换下场的袁心h在场边扯着嗓子引领现场球迷为中国队加油，对胜利的渴望令人动容,1
袁心h说，确实很想拿金牌，这次也知道最强的对手是巴西，最后结果有些遗憾，下次如果有机会还想再冲金,1
袁心h（左二）和队友一起为中国队加油,1
“我觉得有机会的话一定要向金牌冲击,1
从这种比赛中找到不足的地方，然后去克服,1
”这次两战巴西队，对手的首发阵容有较大变化,1
袁心h透露，赛前队里也看了录像，对巴西队可能的人员变化也有准备，但在场上落实和发挥还是不够,1
针对当天比赛她的进攻效率相对不高的情况，袁心h说：“我这边也是在想办法，（想）和我们二传找到更好的节奏，中间其实我也尝试打了一些,1
可能前面的战术有一些成功，但在（应对）压力或者是节奏的把握上，可能还是不够好吧,1
”尽管决赛输了，但赛后却出现了很暖心的一幕,1
中国队来到解放军官兵的看台前，与他们互敬军礼,1
“我们是运动员，也是一名军人,1
他们能够以这样一个身份给我们加油，我们觉得心里很有安全感，很有底气,1
对我来说，很感谢他们,1
”中国队球员比赛后向观众敬礼,1
中国队球员比赛后向观众敬礼,1
在本届军运会的开幕式上，袁心h作为运动员代表宣誓,1
她透露，开幕式前她曾反复背诵誓词，在开幕式现场很紧张,1
“我下来就说让我先喘两口气吧，确实挺紧张的……那个场合我觉得还是需要拿出一些气势来，其实背那个词需要的时间很短，但是背完过后每天都重复，就像会写字过后你一段时间还得回去重复确认一下,1
”在军运会开始前，袁心h身着军装的照片也引起了不少网友的热评，人们称赞她的军姿很标准,1
袁心h介绍说，在八一队有时会出军事操，内容包括正步齐步走和站军姿等,1
在国家队的军训也很正式、很严格,1
“我记得当时好像是站了一上午过后，中午能吃两碗饭，其实感觉（运动量）跟训练也差不了多少,1
”10月18日，中国女子排球运动员袁心h代表全体运动员宣誓,1
10月18日，中国女子排球运动员袁心h代表全体运动员宣誓,1
拦网很难，世界杯不负苦练在国庆节之前结束的女排世界杯赛中，袁心h随中国女排成功登顶,1
她说：“世界杯的成绩没有辜负我们这一年的训练，我们这一年都在筹备比赛，我觉得很幸运能够赶上我们的（70）周年大庆,1
”在世界杯赛期间，袁心h高效的进攻给观众留下深刻印象，教练们也评价说她比以前更加成熟，但她自己认为“还是不够”,1
9月29日，中国队球员朱婷、袁心h和李盈莹（从左至右）在赛后合影,1
当日，在日本大阪举行的2019年女排世界杯赛第三阶段A组循环赛中，中国队以3比0战胜阿根廷队，成功卫冕,1
“因为有朱婷、有张常宁、有（李）盈莹,1
她们就能够支撑起几点的攻守，帮我分担、牵扯对方拦网人的精力,1
等到没有她们的时候，我自己应该怎么去打，这种能力我觉得应该再提高一些,1
在其他方面，比如拦网上怎么去维持一个比较好的状态，这些都是我后面需要去突破的课题,1
”拦网是副攻的主业，在袁心h看来做个好的拦网手不容易,1
“我觉得拦网还挺难，因为它既是一个被动挨打，也是一个主动去找节奏、时间的项目,1
队里边已经有榜样了，比如说颜妮就打得很好,1
自己这边还需要更多地去研究、琢磨和训练,1
”身高1米99的袁心h身体条件很出色,1
在军运会的比赛中，袁心h偶尔会有定点强攻得分,1
此前有国际排联的专家说，她的条件完全可以去打接应,1
对此，袁心h的回答是：“觉得可能，但是可能得下一个（奥运）周期再说，现在已经来不及了,1
”在袁心h看来，面对明年的东京奥运会，自己和中国女排都还有提升的空间，也有希望变得更加强大,1
“我觉得（中国女排）还可以更稳固吧，然后明年训练我觉得肯定会更细致，然后针对她们（对手）和针对我们自己的问题,1
我相信只要努力了，肯定还是会有收获的,1
”袁心h在比赛中庆祝得分,1
袁心h在比赛中庆祝得分,1
“小苹果”长成“苹果树”，假期爱旅游在2014年世锦赛上，当时未满18岁的袁心h表现出色、一战成名，“小苹果”的绰号广为人知,1
5年之后，她还接受“小苹果”的称呼吗,1
“你们开心就好，现在也有很多粉丝开玩笑说变成苹果树了,1
”袁心h说,1
“可能（因为）长高了,1
”袁心h（上右）在比赛中进攻,1
袁心h透露，放假的时候她比较喜欢旅游，放松心情,1
“换一个脑子，换一种心情，特别是去年，因为状态不好，出去走一走，也是一种转换,1
再回来，可能会有一种新的期待,1
”世界军运会结束之后，袁心h这个漫长的赛季也终于结束,1
但是，11月初，国内的女排联赛又要开始，这次她还有时间去“放飞自己”吗,1
“看我们教练给不给我假了,1
腾讯体育讯 北京时间10月22日晚，5个比赛日的激战过后，2019年第七届世界军人运动会女排比赛在武汉结束,1
中国八一女排在决赛中没能充分发挥网口优势，鏖战四局后1-3不敌卫冕冠军巴西，连续三届军运会屈居亚军，四局比分为23-25、25-23、23-25和19-25,1
卫冕成功的巴西女排实现了军运会“三连冠”,1
比赛焦点：战况回顾：首局2-4落后的中国利用袁心h的拦网和王云的反击追成4平,2
埃伦吊球得手、西德朗强攻凌厉，巴西6-4超出,2
王云强攻过轮后，袁心h和刘晏含接连进攻被拦，巴西在第一次技术暂停8-5占先,2
5-9落后的中国通过李盈莹的强打过轮，埃伦扣球出界、袁心h发球建功，中国扳成9平,2
10平后李盈莹反击短球打中11-10反超，12平后梅哈拉连抓快攻和探头、阿曼达反击成功、刘晏含一传送探头，巴西连夺4分16-12领先进入第二次技术暂停,2
暂停后王云连续3次4号位强攻得手迫近到15-16,2
梅哈拉快攻过轮、阿曼达发球得分、王云扣球出界，巴西连取3分19-15占先,2
周妤婕拦网建功、刘晏含发球直得，中国追到18-19，随后又靠对方触网扳成21平,2
23平后中国队的串联和接发球判断接连失误，23-25惜败先丢一局,2
第二局中国在李盈莹的发球轮施压充分4-0超出，巴西靠李盈莹的发球失误过轮,2
2-5落后的巴西凭借阿曼达的强突扭转被动局面追成5平,2
埃伦强打战至6-7后，王云顶住压力一攻下球，中国在第一次技术暂停8-6占先,2
王云后攻踩线让巴西扳成9平，中国凭借李盈莹的强打连获2分11-9超出,2
杜莉乌斯发球建功追至11平，12平后高意发球造成埃伦飞一传，中国14-12领先,2
袁心h近体快攻打中，中国16-14领先进入第二次技术暂停,2
暂停后李盈莹反击打手出界、阿曼达后攻下网，中国将比分拉开到18-14,2
袁心h快攻出界、西德朗发球造成黄柳燕一传失误，巴西追至18-19,2
李盈莹一攻稳定、西德朗后攻出界，中国22-19领先,2
巴西紧追不舍咬至23-24，袁心h封死埃伦的扣球，中国25-23险胜扳回一局,2
第三局中国在西德朗的发球轮卡轮1-4落后，刘晏含2号位强突助本方过轮,2
埃伦连抓反击赢得5分优势，王云反击扣球出界，巴西8-3领先进入第一次技术暂停,2
暂停后埃伦扣球出界、袁心h快攻打中，中国追至5-8,2
西德朗反击将比分拉开到10-5，中国在后排用杨艺换下刘晏含,2
李盈莹处理球得当、周妤婕发球建功，中国追到9-11,2
巴西因挑战次数用尽被判延误比赛，主帅梅洛吃到红牌被罚分，中国扳成13平,2
阿曼达一攻过轮、埃伦拦探头，巴西15-13超出,2
王云吊球得手、对方快攻失配、袁心h拦网建功，中国连夺3分，在第二次技术暂停16-15反超,2
暂停后王云再度吊球成功将比分拉开到17-15,2
短暂相持后高意快攻不顺，巴西20-19反超,2
李盈莹强攻咬至21平后，刘晏含进攻受挫、西德朗发球建功，巴西23-21占先,2
中国靠西德朗的失误追至23-24后，刘晏含发球出界，中国23-25告负，大比分1-2落后,2
第四局启用杨艺主打接应的中国队在开局2-4落后,2
本方4-7落后时，中国调整二传，用陈馨彤取代周妤婕,2
李盈莹强攻扳回1分后，阿曼达一攻打中，巴西在第一次技术暂停8-5占先,2
落后的中国队打得稍显急躁，接连出现触网和失配，被巴西将比分拉开到13-8,2
刘晏含和周妤婕相继重新登场后，中国仍难过阿曼达的发球轮，王云扣球出界8-15落后,2
梅哈拉2号位快攻命中，巴西在第二次技术暂停16-9领先,2
后半局争夺中国难有持续施压的机会，王云和刘晏含相继进攻失误，巴西23-15领先奠定胜局,2
中国通过袁心h和周妤婕的拦网追到19-24后，没能限制住埃伦的强突19-25告负，1-3负于巴西无缘金牌,2
技术统计：中国八一女排：主攻王云23分（23扣），主攻李盈莹18分（18扣），副攻袁心h11分（6扣4拦1发），副攻高意7分（5扣1拦1发），接应刘晏含5分（3扣1拦1发），二传周妤婕4分（1扣2拦1发）,2
巴西女排：主攻埃伦20分（18扣1拦1发），主攻阿曼达19分（16扣2拦1发），接应西德朗17分（14扣3发），副攻梅哈拉9分（8扣1拦），副攻杜莉乌斯7分（3扣3拦1发）,2
双方首发：中国八一女排：主攻王云、李盈莹，副攻高意、袁心h，接应刘晏含，二传周妤婕和自由人黄柳燕,1
巴西女排：主攻阿曼达、埃伦，副攻梅哈拉、杜莉乌斯，接应西德朗，二传普里斯西拉和自由人萨萨,1
其它赛果：朝鲜女排在3、4名决赛中直落三局完胜德国队，时隔12年再获军运会铜牌，三局比分为25-17、25-12和25-9，落败的德国第4收官,1
在5、6名决赛中，美国女排鏖战五局后3-2复仇加拿大名列第5，五局比分为22-25、24-26、25-16、25-22和15-10，惜败的加拿大屈居第6,1
法国女排在7、8名决赛中再度以3-2险胜荷兰落位第7，五局比分为23-25、21-25、26-24、25-21和15-12，本届比赛未获胜场的荷兰位列第8,1
巴奇.哈克利今天 ，来自美国女排的巴奇和迪克森在北京进行了体检，她们与澳大利亚外援瑞秋.鲁尔克已经正式归队，三名强力外援加盟北京汽车女排，也吹响了北汽女排新赛季联赛冲刺备战的号角,1
瑞秋.鲁尔克上赛季北汽女排首夺职业联赛总冠军，澳大利亚强力接应瑞秋和美国女排的副攻手迪克森的表现，得到了人们的一致认可，上赛季联赛一结束，北汽排球俱乐部就与她们续约,1
为了增强本队实力，北汽俱乐部再度签下美国女排当家主攻手巴奇.哈克利，虽然联赛规定每场比赛只能允许同时有两名外援在场上比赛，但三名外援让北汽女排主帅张建章多了各种调配的方法,1
迪克森天津女排成功引进著名国手朱婷，而且还引进了前美国女排著名接应胡克尔，加上天津队自己的国手李盈莹、姚迪和王媛媛等人，这样的天津女排被人们称为梦之队,1
正是因为朱婷回归，让各队纷纷加强自身实力，上海女排引进了美国女排队长拉尔森和德国女排头号球星利普曼，广东恒大女排引进了俄罗斯球星科舍列娃和捷克球星拉巴德捷耶娃，浙江女排引进了黑山女排队长博坎和斯洛文尼亚国手萨沙，国手众多的江苏女排有可能引进塞尔维亚球星马莱舍维奇等人,1
将于11月2日开始的新赛季联赛没有了二次转会，联赛时间也被极度压缩，但中国女排联赛整体实力本身就强，各路球星加盟让新赛季女排联赛成为迄今为止整体水平最高的一届,1
女排世界冠军队员龚翔宇默默资助贫困学生三年,1
日前，一条关于龚翔宇的新闻被网友点赞转发,1
“为了感恩，希望能尽自己一点绵薄之力回馈社会,1
”21日，记者采访了龚翔宇本人和响水中学的校长魏佳兵,1
本文图片 视觉中国龚翔宇：她督促我刻苦训练“小时候家里人常教育我，人要懂得感恩，”龚翔宇告诉记者，里约奥运会之后，她就有了资助贫困学生的想法,1
“后来把想法告诉家人之后，母亲和响水中学的校长就帮忙找到了这个孩子,1
”选择资助响水中学学生还有一个原因：响水中学是龚翔宇妈妈的母校,1
“小时候，父母工作忙，每到寒暑假，我就会到姥姥家过些日子,1
”对于响水，龚翔宇有着很多童年的回忆,1
提到被资助的学生，龚翔宇很贴心地问记者，“你们可以不写这个孩子的名字吗,1
”“这孩子特别上进，原先成绩只是在班级中属于中游，现在已经在班级名列前茅了，”龚翔宇十分感慨地告诉记者，孩子的努力对于她来说也是一种鞭策，“我一直在关注着她，她的每一点进步对我都是一种督促，鞭策着我每天刻苦训练，我们俩应该是一种相互鼓励的关系吧,1
”10月14日，刚刚获得女排世界杯冠军的江苏女排队员龚翔宇趁着休假，赶到盐城响水中学，与自己资助了三年的贫困学生见了一面,1
“长得白白胖胖，个头也不矮,1
”龚翔宇对孩子的印象非常好，“我就鼓励她顽强拼搏，永不言败，争取在高考中取得优异成绩，考进自己理想的大学,1
”龚翔宇在女排世界杯的比赛中,1
全家月收入只有2000“孩子家庭确实困难，全家月收入只有2000元左右，”响水中学的校长魏佳兵向记者介绍了被资助孩子的家庭情况,1
“孩子的父亲帮个体老板搬运化肥，干点体力活，母亲在家种地，二亩田也赚不到什么钱，还有一个妹妹在上初一，”魏佳兵告诉记者，被资助的孩子是响水当地人，在得知龚翔宇妈妈希望资助贫困生之后，他就推荐了这个孩子,1
“龚翔宇的资助不仅在生活上帮助了孩子，在精神上也给了孩子极大的鼓励，在得到资助后，孩子也挺争气，不想给龚翔宇丢人，在学习上取得了非常大的进步，目前成绩全校排名前一百，未来考取一个理想的大学应该没有什么问题,1
”魏佳兵说,1
对于龚翔宇默默资助贫困学生三年，网友纷纷点赞：“人美心善”、“憨厚的孩子，打球就是不油”、“小宇好样的 肯定是学生的榜样”、“向龚翔宇同学学习”、“与中国女排形象相匹配的行为”、“小宇好样的,1
”、“值得嘉奖”、“人美心善为人低调”,1
腾讯体育讯 北京时间10月21日晚，2019年第七届世界军人运动会女排半决赛的较量在武汉结束,1
中国八一女排以3-0轻取德国队，连续四届军运会晋级决赛，将与卫冕冠军巴西争夺冠军，三局比分为25-12、25-8和25-9,1
比赛焦点1. 在世界军人运动会中，中国八一女排曾斩获一金三银，是获得奖牌最多的女排队伍,1
此次作为东道主，在小组赛三战全胜荣膺A组头名晋级四强,1
半决赛击败德国后，连续第四次闯入军运会女排决赛,1
2. 中国八一女排在决赛中将对垒卫冕冠军巴西,1
这将是两队连续第三次在军运会女排决赛争冠,1
3. 中国八一女排的副攻袁心h在半决赛发挥出色，个人独揽19分荣膺得分王，其中扣球12分、拦网2分、发球5分,2
战况回顾首局刘晏含强攻凌厉、科斯托尔茨进攻不顺，中国5-1占先,2
基施鲍姆快攻命中、王云调整攻失误，德国追到3-6,2
刘晏含后攻过轮、周妤婕吊空当得手，中国在第一次技术暂停8-3领先,2
李盈莹拉开强攻稳定、德国一传过网后高意快攻反击打中，中国将比分拉开到12-5,2
中国在李盈莹的发球轮接连施压，高意打后排得手、李盈莹发球擦网得分，中国16-6领先进入第二次技术暂停,2
暂停后德国凭科斯托尔茨的强打过轮，17-7占先的中国用欧阳茜茜替换高意发球，她发球直接得分将领先优势扩大到18-7,2
德国利用菲舍尔的跳发追至9-18，袁心h和李盈莹连抓反击和探头23-11领先,2
李盈莹拦网夺局点、高意处理球造成对方串联失误，中国25-12先下一城,2
第二局1平后德国在高意的发球轮严重卡轮，不仅一传屡有闪失，科斯托尔茨的扣球也难通过袁心h等人的高拦网，在第一次技术暂停1-8落后,2
王云反击扣球出界让对方追至3-9，中国凭袁心h的连续突破11-3领先,2
德国利用李盈莹的扣球失误过轮后，袁心h发球接连建功、周妤婕把握住探头机会，中国连夺4分在第二次技术暂停将比分拉开到16-4,2
暂停后袁心h发球依然稳健，中国队的涨分高潮得以延续，高意快攻反击打中将比分拉开到20-4,2
李盈莹反击被防起后，德国凭借武科维奇的强打过轮5-20落后,2
多尔曼二次球追至8-23后，刘晏含一攻夺局点、袁心h处理球造成对方触网，中国25-8大胜再下一城,2
第三局中国在刘晏含的发球轮赢得主动权，袁心h抓反击6-2超出,2
基施鲍姆快攻过轮、李盈莹进攻受挫，德国追至4-7,2
袁心h快攻命中，中国在第一次技术暂停8-4占先,2
暂停后德国在袁心h的发球轮频受挫，不仅袁心h两度发球直接得分，而且李盈莹、刘晏含和高意先后反击打中，中国在第二次技术暂停将领先优势扩大到16-4,2
大比分领先的中国相继将欧阳茜茜、段放和陈馨彤换上场,2
德国战至8-22后，科斯托尔茨进攻出界、刘晏含反击一锤定音，中国24-8赢得赛点,2
德国利用高意的发球出界追回1分后，袁心h快攻将比分锁定在25-9，中国3-0击败德国,2
技术统计中国八一女排：副攻袁心h19分（12扣2拦5发），副攻高意12分（10扣1拦1发），接应刘晏含12分（10扣1拦1发），主攻李盈莹8分（5扣1拦2发），主攻王云6分（6扣）德国女排：主攻科斯托尔茨5分（4扣1拦），副攻基施鲍姆4分（4扣），主攻武科维奇3分（2扣1发）双方首发中国八一女排：主攻李盈莹、王云，副攻袁心h、高意，接应刘晏含，二传周妤婕和自由人黄柳燕,2
德国女排：主攻科斯托尔茨、武科维奇，副攻弗兰克、基施鲍姆，接应弗伊斯特，二传菲舍尔和自由人昆埃尔温德,1
其它赛果在首场半决赛中，卫冕冠军巴西女排激战四局后3-1逆袭劲敌朝鲜，连续第三次闯入军运会女排决赛，四局比分为19-25、25-14、25-23和25-16,1
在5至8名交叉半决赛中，加拿大3-1力克荷兰，四局比分为21-25、25-13、25-20和25-16,1
美国先输后赢3-1擒下法国，四局比分为21-25、25-17、25-15和25-23,1
下轮预告明天本届军运会女排比赛将进入收官日,1
北京时间10月22日19点30分，中国八一女排将在决赛中向卫冕冠军巴西发起挑战,1
季军战在朝鲜和德国之间展开，加拿大和美国争夺第5名，荷兰和法国角逐第7名,1
图为中国八一女排获胜后，袁心h（8号）、李盈莹（12号）和高意（6号）等队员向观众致谢,1
侯宇 摄第七届世界军人运动会正在如火如荼地进行，20日晚，女排小组赛第三轮如期展开争夺，中国八一队3:0（25:11，25:5，25:19）横扫加拿大队，以小组头名的战绩强势挺进四强,1
国手坐镇，八一女排所向披靡八一女排是本次军运会女排项目的夺冠热门,1
在军运会历史上，她们曾夺得过一次冠军、两次亚军,1
此番，八一队阵中有袁心h，李盈莹等多名国手坐镇，其实力自然不容小觑,1
前两轮，她们分别面对阵美国队和巴西队，均以一局未失的成绩横扫对手,1
在与加拿大队的一役中，八一女排的发挥一如既往的稳定,1
第一局，八一队迅速进入状态，并且打出一波进攻高潮，率先以12:0的大比分领先,2
第二次技术暂停时，八一女排以16:4牢牢占据主动地位,2
暂停过后，双方比分不断拉大，八一队率先以25:11先下一城,2
第二局，加拿大队状态有所回暖，但是面对强势的八一女排仍然没有反击机会，姑娘们以25:5在再下一城,2
第三局，八一女排换上替补队员，双方比分交替上涨，而八一女排对关键分的把握更胜一筹，最终以25:19结束战斗,2
同一种精神，同一个目标在刚刚结束不久的女排世界杯上，郎平挂帅的中国女排以十一连胜的骄人战绩实现卫冕,1
郎指导接受采访时曾表示：“每一次比赛，我们的目标都是升国旗，奏国歌,1
”在本届军运会上，在家门口出战的八一女排也将目光投向了冠军奖杯,1
18日晚的开幕式上， 八一女排队员杨B菁坦言，她们的目标同样是“升国旗，奏国歌”,1
随着袁心h、刘晏含等国手从国家队的回归，也鼓舞了八一女排的斗志和士气,1
“我相信八一女排能够在军运会中扛起军队体育的旗帜，把军体精神和女排精神传承下去,1
”八一女排主教练武晓江此前在接受采访时这样说道,1
根据竞赛规则，半决赛中，八一女排将对阵德国队，朝鲜队将对阵卫冕冠军巴西队,1
从已经结束的小组赛来看，八一队的阵容厚度以及实力均在德国队之上，如果不出意外，她们将在决赛中对阵朝鲜和巴西队之间的胜者,1
上一届军运会，八一女排正是在最后关头不敌巴西队，遗憾屈居亚军,1
这一次，八一队占据天时，地利，人和，为了站上最高领奖台，想必姑娘们一定会全力以赴,1
女排女足均晋级，三大球闪耀赛场除女排有精彩的表现之外，当晚，八一男排也以3:0横扫法国队，迎来开门红,1
而在篮球和足球项目上，中国队也都有不俗的表现,1
女足方面，中国队先是3:0完胜韩国，继而又以4:0大胜德国队，取得两连胜后，姑娘们已经提前一轮出线,1
篮球项目上，中国八一男篮大胜蒙古之后，又以98:79力克美国,1
本届军运会，十支队伍分成两个小组，小组前两名将直接晋级半决赛,1
中国队与美国、蒙古国、刚果和卡塔尔同分在A组，在战胜美国队之后，八一男篮还将面对刚果和卡塔尔的挑战,2
八一女篮的表现同样强势，首战姑娘们以111:29大胜加拿大，继而以128:43战胜德国,1
本届军运会女篮比赛一共有中国、加拿大、巴西、美国、法国、德国6支球队参赛，第一阶段小组赛采用单循环赛制，按胜负场次积分多少排名，八一女篮目前两战全胜排名第一,1
胡克尔进行身体训练,1
天津女排10月19日重新集结训练，外援胡克尔也在独自恢复一周后，迎来了与全队的首次合练,1
虽然第一堂训练课只是简单的一传练习和身体力量训练，但这却令胡克尔萌生了新想法,1
作为伦敦奥运会周期内叱咤风云的接应二传手，胡克尔以其超强的进攻得分能力著称,1
不过在大学时期，胡克尔也是具备一传能力的全面型攻手，天津队主帅陈友泉表示：“通过第一堂训练课来观察，胡克尔的一传还需要进一步磨炼,1
她之前在美国大学联赛期间接过一传，但是后来进入美国国家队以及征战职业联赛，她都是队内的进攻核心，承接一传任务就很少了,1
新赛季，究竟我们的一传体系如何安排，还需要进一步观察她的训练情况，包括综合考虑李盈莹和朱婷的一传任务量分配，这些还要在之后的训练中去磨合,1
”在昨日的身体力量训练环节，胡克尔在助理教练殷娜的陪伴下单独进行练习,1
“我之前也在韩国、巴西打过联赛，各地的体能训练方式都不一样，但目的都是为了让身体达到更好的状态，更适应比赛的节奏和强度,1
我很感谢教练给了我一周时间，让我可以按照自己的节奏来恢复体能和身体状态,1
我现在感觉比刚来时好太多了，我也会尽自己最大努力，以积极的态度融入全队，展示出最好的自己,1
”胡克尔说，“我作为接应二传手主打进攻，之前几个赛季一传练得很少，但是来到天津队后，我愿意兼顾一传和进攻，因为到比赛时也不知道场上会发生什么,1
我感觉自己的竞技状态比上赛季要好，所以我也会尽量多做准备，然后听从教练的安排，把自己的特点在比赛中充分发挥出来,1
本报讯（记者谢晨）本月16日结束在山东潍坊的集训返回津城，天津女排随后迎来了短暂的两日假期,1
全队昨日上午重新在天津团泊体育中心训练馆集结开练，外援胡克尔也加入全队的合练中,1
为期一个月的全国成年女排集训本月16日在山东潍坊结束，天津队当天晚上就返回津城,1
回顾这次集训，天津队主帅陈友泉直言收获很大：“国家体育总局排管中心非常重视这次集训，每周末还组织各队之间的交流比赛，各队也在集训的过程中相互学习和提高,1
我们的年轻队员也有很大进步，两个自由人刘立雯和孟子旋的一传和防守都有提高，包括调整传球的能力,1
同时集训期间还有体能测试，孟子旋就获得了800米测验的第一名，说明年轻队员的体能储备也是不错的,1
副攻手李雅楠在进攻、拦网和发球三个环节的训练比较多，在交流比赛中也看到了她的进步,1
”2019-2020赛季中国女排超级联赛将于11月2日揭幕，陈友泉在展望新赛季时说道：“今年联赛的赛制有些变化，第一阶段分为四个组，我们所在的B组只有三支队伍,1
小组赛的成绩要带入下一个阶段，所以每场比赛都很重要,1
第一阶段面对河南队、广东队两个对手，我们也会提前搜集好对手的资料，做好充分的准备,1
这个赛季我们的阵容实力比较强，作为主教练也会有压力，但我希望把压力转化为动力，把全队训练的积极性调动起来，每场比赛都能全力以赴去冲击对手,1
”另外值得一提的是，新赛季联赛将使用国际排联推行的型号为“V200W”的最新排球，这款排球在今年的世界杯女排赛上首次启用后，很快也在潍坊的集训中亮相,1
对于天津队的队员来说，大家经过半个月的接触，也对这款新排球评价不一，有的说“球重了一点”，有的说“球速变快了”,1
陈友泉说：“世界杯女排赛结束后，我们也得到通知，新赛季的国内联赛也要用这款球,1
这款球在潍坊集训时接触过了，我感觉相比之前的球变化不大，但大家还是需要适应新球的一些细微改变，在联赛开始前也要做好这方面的准备,1
10月15日，《中国女排》导演陈可辛（左二）在介绍中国女排激动人心的故事,1
新华社记者林善传摄新华社福州10月20日电新华社记者张逸之、张华迎、吴剑锋导演陈可辛与中国女排前主教练陈忠和及“黄金一代”队员，近日亮相第六届丝绸之路国际电影节，成为全场焦点,1
三个月后，由陈可辛执导、巩俐等主演的《中国女排》将抢滩春节档，随后，同样具全民关注度的《李娜》《中国乒乓》等体育电影也将一一登场,1
体育题材大片2020年密集上映，是否意味着国产体育电影将摆脱寰常迎来爆发,1
预告片刷屏的《中国女排》，能否担当开启中国体育电影新时代的重任,1
国产体育电影不温不火体育承载着国家荣誉和国民精神，表达人类共通的生命理想和情感共识，体育电影强大的感染力能瞬间调动人们的情绪,1
从好莱坞到宝莱坞，优秀的体育电影层出不穷，也屡获大奖,1
从乒乓外交到女排佳绩，从金牌零的突破到北京奥运会，体育是新中国非凡历史的一部分，谱写了令人难忘的家国记忆,1
反观国产电影市场，体育题材影片却略显尴尬，市场上叫好又叫座的国产片屈指可数,1
在许多观众印象里，或许还是《女篮五号》《沙鸥》等经典老片，即便是香港导演林超贤执导、彭于晏主演的《激战》《破风》，票房也才刚迈过亿元大关，远远谈不上“爆款”,1
“体育人不懂电影，电影人不懂体育”，是优秀国产体育电影“难产”的重要原因,1
陈可辛在福州参加丝路电影节时坦言，《中国女排》是自己拍过难度最大的电影，“在现场有很多排球教练帮忙把关，其实我也看不懂，怎么这一个是‘好球’，那一个就不好呢,1
”体育运动专业性很强，对演员身体素质和运动技能有很高要求,1
彭于晏在拍摄自行车竞技题材电影《破风》时，每天都保持十个小时左右的骑行训练,1
在拍摄体操电影《翻滚吧,1
阿信》前，他更是学习了半年体操,1
爱奇艺影业总裁亚宁认为，前些年国产体育电影票房表现不尽如人意，跟观众的欣赏偏好也有很大关系：“《激战》上映那两年，市场流行古装奇幻，院线电影本身以女性观众为主，她们对拳击题材没多大兴趣,1
”业内人士强调，体育影片要想脱颖而出，关键在于讲一个好故事,1
“《摔跤吧，爸爸》为什么广受好评，首先是因为这是一个真实的故事，其次是阿米尔・汗用他独有的风格讲好了这个故事，将更多的情绪和情感带入其中,1
”印度山河影业CEO杰哈・钱德勒在福州参加丝路电影节时说,1
《中国女排》能否突破,1
今年国庆前夕，郎平率中国女排夺冠，女排精神再次振奋国人,1
顺势放出的《中国女排》预告片以及巩俐酷似郎平的背影不断刷屏，让这部体育大片未映先热,1
导演陈可辛坦言，中国女排的故事激动人心，拍这部戏“压力很大”,1
“我们在每一个细节上都尽量去还原，希望使观众看到真正的女排精神和年代变迁，”陈可辛在丝路电影节开幕式上说,1
为了确保专业性，许多排球教练被请到现场为拍摄把关，陈可辛甚至让部分老女排和现役女排队员自己演自己，结果发现，“她们比我以往所拍电影的演员演得都真实,1
”中国女排国家队前主教练陈忠和说，近四十年来女排有好几代人，要把故事的精华浓缩为两个小时的电影很困难，他表示相信陈可辛导演将拍出一部好电影,1
从粉丝对中国女排的关注，可以看出女排对年轻一代吸引力之强,1
时光倒流，他们的父辈在30多年前也曾以同样狂热的方式追星中国女排，尽管人事更迭，但一代代人对“中国女排”毫无“代沟”的隔膜,1
这也许是电影《中国女排》票房号召力的最大保障，而剧组的豪华阵容和本身的话题性，也让市场充满期待,1
“它不仅仅是一部电影，还象征团结拼搏、不屈不挠的民族精神，所以我相信一定会取得非常好的票房，也非常有可能借此打开我们体育电影的新局面,1
北京聚合影联文化传媒有限公司总经理讲武生认为，《中国女排》有庞大的受众群体，很可能成为大众体育题材电影的开端,1
体育电影未来可期国庆档余热未消，有着丰富体育元素的《我和我的祖国》票房超过27亿，讲述中国登山队勇攀珠峰的《攀登者》票房也突破10亿元，体育电影百花齐放的大幕正徐徐开启,1
业内人士指出，电影市场一直在变化，目前主旋律电影票房表现不俗，体育是绝佳题材，只要把故事讲好，应会得到市场的丰厚回报,1
“电影的观众不一样了，体育电影传达的不屈不挠的精神，现在的年轻观众很喜欢,1
”中国电影发行放映协会办公室主任张小莉说,1
随着大众体育的发展，中国体育电影的受众基础不断扩大,1
根据《全民健身计划（2016―2020年）》，到2020年，我国经常参加体育锻炼的人数将达到4.35亿,1
今年初，国家体育总局联合国家发展改革委发文，提出到2020年“全国体育消费总规模达到1.5万亿元”的目标,1
受众基础的扩大、政策层面的刺激，为体育题材电影打开了巨大的想象空间,1
也应看到，中国电影在经历十年火箭式发展后，已渐趋理性和成熟,1
亚宁说，爱奇艺影业也收到很多体育题材项目，但因该类型过去表现不佳，所以目前还未真正上马这样的项目,1
如今，拍摄和制作技术已不再是阻碍体育电影爆发的因素,1
正如丝路电影节上走过红毯的前国家女排队长冯坤所言，“希望通过这部电影的细节和故事来体现冠军背后的真实人物和日常生活”,1
好的体育电影，不仅要有震撼的视觉效果，更要让观众感受到冠军热情勇敢的真精神,1
沈富麟 资料图还有一年，沈富麟将年满65岁，带着数不清的荣誉，从上海排球管理中心总教练的位置上功成身退,1
当球员，他是世界杯最佳二传，做教练，他带领上海男排两度开启中国排坛霸主时代,1
中国男排危急时刻，主教练的橄榄枝再度抛向了沈富麟，留给他的时间，只有3个月,1
这既是橄榄枝，也是“烫手山芋”，为何中国男排需要沈富麟,1
成绩过硬眼下的中国男排，正处于历史最低谷,1
20年来，再也无缘亚锦赛、亚运会冠军,1
以替补身份参加1984年洛杉矶奥运会后，除了2008年作为东道主直接晋级奥运会，中国男排再也没有获得过奥运入场券,1
还记得中国男排“黄金一代”吗,1
上世纪70年代末、80年代初，以汪嘉伟、沈富麟等人为班底的中国男排，打遍亚洲无敌手，随后在第三届和第四届世界杯上取得第5名，又在1978年、1982年世锦赛上夺得第7名，这是中国男排迄今为止取得的最好成绩,1
还记得“团结起来、振兴中华”的口号吗,1
这是北京的大学生在观看了当时这支中国男排一场对韩国队的反败为胜的比赛后，喊出的口号,1
作为二传手，沈富麟是球队的“大脑”，他曾荣膺世界杯最佳二传,1
而当教练，他同样是个有“想法”的人,1
沈富麟于1990年12月到1997年5月间担任中国男排主教练,1
1996年，中国男排在世界男排联赛中打入了总决赛，也就是世界前六名，这是中国男排创造过的世界联赛最佳战绩,1
1997年11月，眼见上海男排成绩不佳，沈富麟再次执掌教鞭，培养了沈琼、汤淼、王之腾、方颖超等名将，率领上海男排在国内联赛中成功开启连冠霸业,1
即便是从上海男排主教练位置“功成身退”后，沈富麟仍始终扎根于上海排坛,1
担任上海排球管理中心总教练的他，在排球联赛中常常亲自为男、女排督战，被队内誉为“军师”,1
50年来，沈富麟心系排球，扎根一线，赫赫的战绩、满腔的热情，国内男排有谁能与之相媲美,1
作风强硬现在的中国男排，发球攻击性不够，强攻的稳定性不够，战术性和拦网的效率也不高,1
发扣拦三大主要技术环节，没有一项能真正拿得出手,1
更要命的是，屡战屡败的中国男排，比赛气质不佳、关键时刻顶不住更是成了“心头病”，没了精气神，何谈求胜欲,1
拿破仑曾说过：“一只狮子带领的一群绵羊可胜过一只绵羊带领的一群狮子,1
”中国男排需要“铁腕教练”沈富麟,1
上海男排的每一场比赛，他都坐镇卢湾体育馆观战,1
每一季的总决赛，他都随队南征北战，同爱将、上海男排主教练沈琼分享经验至深夜,1
甚至上海女排的全运会和联赛关键比赛中，他也会到更衣室鼓舞士气,1
除了在技术和战术上有独到想法之外，沈富麟强调最多的是“思想”问题,1
当主教练时，他的严厉是出了名的，哪怕是沈琼、汤淼等前中国男排核心球员都没少被他“耳提面命”过,1
退居二线后，尽管他对沈琼的执教能力有信心，但他常常提醒沈琼：“球员们在场上场下的思想，一定要把握住,1
”“是男人就要有激情，是血性男儿就不怕吃任何苦,1
”沈富麟担任上海男排主教练时的名言，犹在耳边,1
即将再度出山执掌中国男排教鞭，沈富麟仅有3个月的时间调整队伍，压力有多么巨大无法想象,1
我们并不奢望中国男排在短期内能取得重大突破，但我们有理由期待，中国男排能在他的带领下早日找回血性，重焕激情，开创一条积极向上的道路,1
沈富麟 资料图昨天，中国男排首任外教阿根廷籍主帅洛萨诺因成绩不佳下课,1
距离2020年1月初的东京奥运会男排亚洲区资格赛只有短短3个月的时间，现在无论谁率领中国男排冲击2020年东京奥运会都要面临巨大风险和困难,1
而已经退休的64岁前中国男排名帅沈富麟未到北京，火线执教中国男排的可能性最大，接下奥运资格赛重任,1
自2017年洛萨诺接手中国男排以来，球队成绩一直不佳,1
尤其是两届亚锦赛无缘四强，2018年世锦赛小组赛五战皆负无缘出线,1
他又派助理教练带队参加2018年亚运会，仅获第九，创造了中国男排亚运会历史最差战绩,1
2019年东京奥运会男排资格赛世界组比赛，中国男排精神面貌出众，但是结果依然是未能第一时间出线,1
2020年1月初，中国男排将参加2020年东京奥运会男排亚洲区资格赛，届时只有第一才能获得出线权,1
在这种情况下，中国排协无奈解除了与洛萨诺的执教合同,1
洛萨诺下课也意味着中国男排首任外教执教以失败告终,1
然而，洛萨诺团队留下的有益经验仍是中国男排宝贵的财富,1
洛萨诺下课，并不意味着是对他执教内容的全部否定,1
外教能够带来国际排坛的先进理念和内容，但中国男排的问题比较复杂，很多是国内男排基础的问题，涉及方方面面，不是洛萨诺一任外教就能够扭转局面的,1
此外，还有一种声音，就是希望中国女排主帅郎平能够出任中国男排高级顾问，在平时训练中给予指导建议，或者做一些临场点拨的工作,1
而从现实的角度来看，郎平没有与中国排协签署任何有关男排的执教合同,1
从合同规定的工作职责来看，郎平就不能越俎代庖,1
而且，中国女排任务很重，郎平没有多余的精力参与中国男排的事情,1
中国男排没有郎平这样的金牌教练，这是现实,1
2020年东京奥运会男排亚洲区资格赛将于2020年1月初在中国举行，伊朗队、澳大利亚队和韩国队等亚洲一流强队均会参赛，而出线名额只有一个,1
现在距离亚洲区资格赛只有短短3个月的时间，谁愿意来捡起这样一个摊子，谁又愿意出任败军之帅,1
中国男子排坛也有几名不错的中生代教练，但综合能力比较，每人都有欠缺之处,1
当初中国男排本土的中生代教练能够胜任男排主帅一职，中国排协也不会聘请外教了,1
只有短短3个月的备战时间，竞争对手强劲，出线形势非常严峻,1
这样的形势，的确会让多数人难以承担如此压力，退避三舍,1
目前，排坛圈内人士认为，临危时刻，只有大家公认的德高望重的教练员才能胜任此职，而短时间内再寻找其他外教并不现实,1
那么，目前只有一个人还有这样的能力和威望，重返一线，他就是前中国男排主帅，大名鼎鼎的沈富麟,1
64岁的沈富麟昔日是与汪嘉伟齐名的中国男排球星，最佳战绩夺取过世界杯第五，还被评为“世界最佳二传手”,1
1990年至1997年期间，沈富麟出任中国男排主帅，带出了一批优秀球员，遗憾的是未能打进1992年巴塞罗那奥运会和1996年亚特兰大奥运会，最终饮恨卸任,1
而后，沈富麟回到家乡上海，培养出一大批上海籍国手，缔造了上海男排王朝，是名副其实的“上海男排教父”,1
退休前，沈富麟已是上海体育职业学院院长,1
综合各方面来看，沈富麟的资历足以让中国男排的各方面服气,1
这也说明当今中国男排坛的现状，没有一位各方公认的最合适的本土主帅,1
值得注意的是，这说明能够胜任中国男排的国家级教练员断档也是事实,1
已经是两鬓斑白的64岁沈富麟再度出山，令人唏嘘不已，也为老一辈教练员沈富麟在国家需要的时候，能够迎难而上，始终将国家荣誉放在最高地位的精神而喝彩,1
朱婷和郎平,1
视觉中国 资料图从11连胜卫冕女排世界杯冠军，到登上新中国成立70周年游行花车，再到参演《中国女排》电影，这半个多月来中国女排队长朱婷成为了全国球迷和媒体关注的焦点,1
15日上午，在杭州白马湖万色城惠能院举行的“峥嵘十年‘益’路‘婷’你”――万色益+朱婷粉丝见面会上，朱婷一现身就展现了超高的人气,1
上百名身穿球衣、挥舞国旗的粉丝，大声呼喊偶像的名字，掌声更是经久不息,1
面对热情的粉丝，朱婷以“奋斗拼搏是我的骄傲”为题，分享了她的十年奋斗经历,1
比起最佳攻手，更想成为全面型选手2007年，13岁的朱婷坐在父亲朱安亮的农用三轮上，一路驶向河南周口体校，由此也开启了她辉煌的排球之旅,1
从丝毫没有运动基础的农村姑娘，到国家队最年轻队员，再到世界杯、奥运会MVP，并接过国家队队长的重任，开启留洋生涯，朱婷一步步成长为如今的“世界第一主攻”,1
如果，当初没有选择排球，朱婷的人生会变成怎样,1
“排球是一个向前看的运动，我们都习惯了向前看，所以没有发生的事，都没有去想过,1
”朱婷说，自己能取得现在的成就，是因为郎平指导和中国女排提供了很好的平台,1
“从郎导身上，我学到了认真和专注，每次训练郎导永远都是第一个到，郎导的身体有伤，但每次给我们讲解、示范动作，她还是会亲自上场，训练结束后她还会看录像研究到很晚,1
”朱婷说，每次大赛结束后，郎导整个人都会瘦一大圈,1
对于外界“世界第一主攻”的称赞，朱婷显得很谦虚，“大家谬赞了，现在可能觉得朱婷很强，但我觉得仅限这个阶段，我想在女排这个集体里做得更好一点，让自己更加完善一些,1
”比起最佳攻手，朱婷更想成为一名全面型排球选手，“排球场上有很多位置，现在我可能在主攻的位置上有不错的表现，但我更想把我的排球技术变得更全面一点，从防守到拦网都做得更好,1
”女排的训练一直都很辛苦，但朱婷和女排姑娘们很善于苦中作乐，“休息的时候，大家一起去看电影、看画展，或者去周边逛逛，大家都期待着周末，提前想要去哪里、吃什么，这其实也是一种精神上的放松，专心地完成训练，再开心地去玩,1
”为了更好地备战明年的东京奥运会，朱婷结束了土耳其的留洋之旅，选择回归国内联赛，最终加盟了天津女排,1
“土耳其联赛的周期比较长，一般到5月中旬才会结束，那时再回国的话，留给大家配合的时间就会很短了,1
”朱婷说，之所以选择天津女排，是因为其深厚的冠军底蕴，“天津队的实力很强，曾十一次获得联赛冠军，这次转会我也想体验下这种冠军的底蕴,1
”巩俐扮演郎平很像，见面时大家吓了一跳除了排球运动员，朱婷最近又多了演戏的经历,1
说起这次参演《中国女排》电影的经历，朱婷坦言做演员并不比做运动员轻松，“现场导演会教我们台词该怎么说，表情该怎做，这其实和打排球很像，教练指导你新技术，需要一遍一遍反复练习,1
”在片场见到巩俐扮演郎平的扮相时，朱婷和队友们被吓了一大跳,1
“真的太像了,1
之前我们训练、比赛的时候，巩俐老师都有来看，这次再见到她时，举止动作和郎导非常神似，当时我们集体哇得喊出了声,1
”更让朱婷开心的是，现场还有很多明星去探班，“成龙大哥、黄渤老师都去现场探过班，还给我们带了很多礼物和好吃的零食,1
”巩俐扮演郎平,1
朱婷说，之所以去参演《中国女排》电影，是想让球迷们看到中国女排背后的故事，“大家都知道中国女排夺冠的结果，但并不知道我们每天训练的过程，看了这部电影，大家或多或少能够明白中国女排之所以能拿冠军的原因,1
”当然，更让朱婷难忘的，还是国庆阅兵时登上游行花车的经历,1
朱婷坦言刚接到通知时，整个人都是懵的，“我们接到通知比较晚，晚上知道后一整夜都兴奋得睡不着，之后也幻想过这样的场面，但真的站上花车，听着四周战士们的呼喊，那时的感受与排球场上是完全不同的,1
”听着战士们大声为中国女排加油，朱婷的内心满是感动与自豪，“听到战士们在喊中国女排世界第一，我们就喊你们最帅，发现喊一声，大家听不到，后面我就说喊三声吧，结果喊三声还是听不到,1
”“从2007年接触排球开始，我已经坚持了12年,1
”朱婷说，不管前路有多少困难，训练有多么艰苦，她都会一直坚持下去，“既然选择了这条路，就不会选择放弃,1
中新网北京10月13日电(邢蕊)在上个月的女排世界杯上，中国女排以十一连胜的战绩勇夺冠军,1
13日在北京举行的一场“小小排球训练营”活动中，主教练郎平和队长朱婷现身,1
她们不仅与现场的小朋友们互动，还回忆起国庆节游行时登上花车的难忘细节,1
女排姑娘们在国庆节当天登上天安门前游行的花车，压轴出场亮相,1
“中国女排，世界第一”从日本世界杯赛场凯旋归来的女排姑娘们，在国庆节当天登上天安门前游行的花车，压轴出场亮相,1
回忆起当时的情景，朱婷至今都对沿途的解放军们高喊“中国女排，世界第一”的一幕记忆犹新：“他们声音很齐，很大，我们听得很清楚，他们喊‘中国女排，世界第一’，我们就喊‘你们最帅’,1
”而在女排姑娘们回应“兵哥哥”的过程中，年近六旬的郎平也参与到其中,1
她说自己当时的喊声音很洪亮：“我也喊了，声音也很大，但是跟我们的战士比，人家更训练有素,1
”朱婷和郎平举起世界杯冠军奖杯,1
“大家应该互相学习”随着中国女排此番成功卫冕世界杯，她们收获了历史上的第十个世界冠军，全国上下“学习女排精神”的热情再度高涨,1
对此郎平却谦虚地认为，各个项目都有很多值得学习的运动员，大家应该互相学习,1
“全国都说向女排学习，这有点过,1
我们的中国乒乓球队、中国举重队、中国跳水队，这些都是常胜将军，都是很棒的战斗集体,1
我们平时也要求运动员向这些项目的选手学习，我觉得大家应该共同学习，一起进步”，郎平面对媒体平静说道,1
巩俐（左）饰演的郎平得到了郎指导本人的好评,1
“好演员就是不一样”此间，电影《中国女排》正在紧锣密鼓地拍摄当中，巩俐饰演郎平的剧照也已经在网上流传,1
在当天的活动中，郎平也对巩俐饰演的自己大加赞赏,1
“我觉得非常像，好演员就是不一样，她观察非常仔细,1
”郎平这样说道,1
此前在中国女排的训练中，巩俐曾多次现身，在场边观察着郎指导的言行,1
中国女排部分队员也参与了该电影的拍摄，谈及巩俐饰演的恩师，朱婷透露自己第一次看到巩俐造型时，仿佛看到了郎平本人：“有一种郎导在眼前的感觉，她的眼神还有手势都很像，第一次拍的时候，看到她有一种震惊感,1
腾讯体育讯 北京时间10月1日，从世界杯赛场载誉归来的中国女排队长朱婷宣布，自己的下一站是天津女排,1
朱婷在公众号“ 朱排报报”上撰文阐述了近来的心路历程，以下为朱婷原文：坐下来写这篇文章时，我努力找一个时间的切入点,1
这些年的日程一直很满，一个目标接着一个目标，一段努力连着一段努力，有时候心里也会抱怨没有时间喘口气，但是就像四年前郎导在我们第一次夺得世界冠军后说的：干我们这行的，不能轻易放空大脑,1
于是那口气，就始终提着,1
今年五月初，在随瓦基弗银行队又拿下一座土超冠军奖杯之后，我收拾行装，和自己在伊斯坦布尔住了三年的公寓说再见,1
那一刻心里有很多的不舍，无论是对自己的这个“小家”还是对这座城市，这支待我像亲人一样的俱乐部，这扇让我看到更广阔天地的窗,1
无论是最繁忙的比赛月不停往返主客场，24天八场球的魔鬼赛程，还是比赛场上的种种挑战，重重考验，对我来说都是特别重要的历练，帮助我开阔了视野，丰富了经验，提高了能力，三年时间，我自己都能感觉到自己的心智慢慢变得成熟，无论是球场上还是生活中，都能更好的控制自己，做自己的主人,1
四个月多前，我从瓦基弗银行队5号“变身”中国女排2号，当时在心里最强烈的愿望，是能将自己在国外联赛所学所悟，和郎导、队友一起，努力把2019年国家队的任务完成好,1
第一时间拿到东京奥运会入场券，成功卫冕世界杯冠军，表面上看我们的2019年无比顺利，但是我们自己最清楚，胜利的喜悦背后，是郎导日以继夜的付出，是我们整个团队每天的挥汗如雨，在不断战胜困难、战胜伤痛的进程中艰难前行,1
正所谓一程山水一程歌，经历时艰难，回头看骄傲，付出了能有收获，已经是很幸福一段征程了,1
但是人终究是要往前看的，因为还有更高远的目标没有达成，我们还有很长的路要走,1
对于我个人而言，下一站，是天津,1
希望接下来的每一天，仍然是在努力付出之后能有收获，希望在未来的几个月，我们常常在中国女排超级联赛中见面,1
1949-2019中华人民共和国迎来70华诞,1
10月1日，在盛大的国庆阅兵仪式结束后，以“同心共筑中国梦”为主题的群众游行开始,1
游行分“建国创业”“改革开放”“伟大复兴”三个篇章，10万群众和70组彩车组成36个方阵和3个情境式行进,1
在“圆梦奥运”“体育强国”“祖国万岁”等方阵里以及观礼台上都出现了不少熟悉的体育人面孔，你都发现了吗,1
奥运圆梦眼尖的网友发现了花车上的奥运冠军,1
体育强国全民健身蓬勃开展 北京冬奥会吉祥物领衔“体育强国”彩车短道速滑奥运冠军武大靖挥手致意,1
阅兵仪式开始前，武大靖激动地发微博祝福祖国母亲生日快乐,1
而网友也准时在电视机前等候，找到了他,1
已经是第三次参加国庆群众游行的冬奥会冠军杨扬感慨万千,1
1999年，第一次上彩车的她，跟着一车的奥运冠军前辈，既紧张又兴奋,1
2009年，已经是奥运冠军的她再次来到群众游行现场，依然觉得震撼万分,1
这一次，有关体育的内容已经有三个阵容，三登游行彩车的杨扬说，感恩时代,1
祖国万岁刚刚载誉归来的中国女排登上最后一辆“祖国万岁”花车，压轴出场,1
最近天天刷屏的她们，又又又又上热搜了,1
中国女排压轴亮相国庆花车游行网友们也都沸腾了，大家的反应是这样的：观礼台中国乒协主席刘国梁和中国乒乓球队女一队教练组组长马琳,1
中国女乒队队长丁宁在现场,1
在电视转播的镜头里找到了熟悉的运动员时的网友，激动地“弹”了起来,1
在现场观礼的部分中国体育人，你能认出几个,1
我的祖国和我像海和浪花一朵新中国成立70年走过的光辉历程少不了无数体育人的顽强拼搏祝福中国体育,1
（图片来源：新华社、央视、中新网、中国乒乓球协会、网络等）,1
中国女排出席庆祝中华人民共和国成立70周年大会10月1日，庆祝中华人民共和国成立70周年大会隆重举行，刚刚在第十三届女排世界杯夺冠的中国女排出席活动，出现在群众游行彩车“祖国万岁”方阵上,1
5000名首都各界群众共组成“祖国万岁”方阵，中国女排队员及教练组位列其中，世界冠军女排姑娘们在夺冠两日后登上“祖国万岁”花车,1
郎平、安家杰、朱婷等中国女排队员、教练组挥舞鲜花致意，神采奕奕，展现了新一代中国女排朝气蓬勃、团结向上的精神风貌,1
在35年前，1984年国庆35周年庆典上，中国女排在夺取三连冠后，出席了庆典,1
这是中国人民给予女排精神和女排集体的肯定,1
中国体育健儿肩负为国争光的重任，在国际比赛中屡创佳绩,1
中国女排就是其中最杰出的代表，在1981年世界杯女子排球赛中，中国女排以七战七捷的成绩夺得冠军，实现了中国三大球历史的突破，拿到新中国第一个三大球的世界冠军,1
当年，中国女排夺冠的消息，很快传遍中华大地，郎平、张蓉芳、孙晋芳、周晓兰、陈亚琼、陈招娣、曹慧英等人成为家喻户晓的英雄,1
在改革开放之初，中国女排在世界赛场为中国人民争了光，极大地振奋了国人的士气,1
中国女排迅速成为全民偶像,1
喜讯很快传遍全国，人们走向街头，庆祝这一历史性的突破,1
北京大学的学生喊出了“团结起来，振兴中华”的口号,1
贺电、贺信像雪片一样寄向中国女排，郎平、孙晋芳、周晓兰等主力队员每个人都收到了几麻袋信件,1
中国女排顽强拼搏、团结协作、永不放弃的女排精神，成为改革开放之初国人的精神食粮,1
各行各业都在学习女排精神，为建设祖国贡献自己的力量,1
以1981年为起点，中国女排在随后的1982年世锦赛再夺世界冠军，在世锦赛后中国女排进行了大换血进入新老交替时期，孙晋芳、曹慧英、陈亚琼、陈招娣和杨希等五名老将退役,1
1983年中国女排经历了新老交替的阵痛，在当年的亚洲锦标赛上以0-3输给日本队，只获得亚军,1
面对挫折，中国女排没有气馁，经过一个冬天的严格训练，她们在技战术水平上有了明显的提升,1
在奥运会前的四国邀请赛上击败日本、美国和前苏联队，取得六战全胜的佳绩(双循环赛制),1
在1984年洛杉矶奥运会小组赛中，中国队以1-3不敌美国队，只获得小组第二名,1
主要得分手郎平进攻受阻，没有完全发挥出自己的水平，赛后她非常痛苦，但在队友和教练的开导下，她决心振作起来，打好下面的比赛,1
经过调整，中国女排在半决赛中以3-0击败日本队，闯进决赛,1
在决赛中，中国女排以3-0击败东道主美国队，拿到了奥运会金牌，实现了三连冠的伟业,1
主力队员郎平、张蓉芳、杨锡兰、郑美珠、梁艳和杨晓君为夺冠立下了汗马功劳,1
在洛杉矶奥运会上，中国体育代表团拿到15枚金牌、8枚银牌和9枚铜牌，排在金牌榜的第四位，实现了历史性的突破,1
中国女排拿到了唯一一枚集体项目的金牌，份量最重,1
在1984年国庆阅兵仪式上，中国女排作为体育界的代表，和李宁、吴晓旋、吴数德、许海峰、周继红、栾菊杰等在奥运会上夺取金牌的体育健儿一起出席庆典,1
在洛杉矶奥运会后，中国女排又在1985年世界杯和1986年世锦赛连续夺冠，实现了五连冠的霸业,1
自1981年第一次获得世界冠军以来，中国女排在世界三大赛上共十次夺取世界冠军，五次获得亚军，六次获得第三名，成绩斐然,1
在2004年雅典奥运会上，中国女排在决赛中迎战俄罗斯队，在0-2落后的情况下，实现了大逆转，以3-2险胜俄罗斯队，时隔20年再夺奥运会冠军,1
中国女排不畏困难、顽强拼搏、团结的女排精神，感动了亿万观众,1
在2016年里约奥运会上，中国女排再夺奥运冠军，实现了三夺奥运金牌的伟业,1
38年来中国女排长盛不衰，一直保持在世界前列，是中国体育的旗帜性团队,1
五连冠是中国体育史的一座丰碑，女排精神在改革开放之初激励了无数国人，影响了几代中国人，在中华民族伟大复兴的道路上，奉献自己的光和热,1
在刚刚结束的第十三届世界杯女子排球赛上，中国女排以11战全胜的成绩卫冕成功，第五次夺取世界杯冠军，再一次站在世界之巅，女排精神又一次传遍中华大地,1
作为体育界的代表，能够出席国庆70周年成立大会，是对她们最好的褒奖,1
今天她们出席中华人民共和国成立70周年大会，并站在“祖国万岁”方阵的彩车上，挥舞鲜花致意,1
她们个个神采奕奕，展现了新一代中国女排朝气蓬勃、团结向上的精神风貌,1
作为主教练郎平口中的“大队员”，还有一个多月才迎来24周岁生日的张常宁见证了新一届中国女排“三连冠”的再创辉煌,1
在这一过程中，张常宁拥有着属于她的高光时刻，也经历过伤病与状态下滑的低谷,1
但张常宁为之付出了努力，也洒下了自己的汗水,1
本届世界杯，张常宁作用突出　　本届女排世界杯，张常宁作为中国女排两名先发主攻其一，与朱婷打对角,1
在朱婷担纲为中国女排一锤定音的角色时，张常宁的后排保障默默地帮助队友提供着支援,1
而到了需要她冲锋陷阵的时候，张常宁也毫无保留，为队友分担着压力,1
在女排世界杯的球员个人技术统计榜上，张常宁的进攻数据从比赛后半程一路攀升，直至以接近50%的良好表现位居前茅，是中国女排全队仅次于朱婷的进攻箭头人物,1
被大家昵称为“宝宝”的张常宁，的确是中国女排夺得世界杯冠军的一个“宝”,1
　　但只有熟悉张常宁的人才知道，她和队友们为中国女排捧起这座金灿灿的女排世界杯金杯的过程中经历了什么,1
　　年少成名的张常宁从沙排转战室内排球之后，很快就进入到了郎平的视野，2015年跟随中国女排夺得上届女排世界杯冠军，她加冕了人生第一个世界冠军头衔,1
“2015年赢得与俄罗斯队的比赛后，我们非常兴奋，”张常宁说，“那是对自己的一个激励，有点不可思议站在了这个舞台上,1
”而在一年之后，又顺利地帮助队伍夺得了里约奥运会冠军的张常宁，早早地登上了排球职业生涯的一个巅峰,1
　　不过，在其后的一段时间里，受到突如其来的伤病等因素干扰，张常宁无论在俱乐部还是在国家队，都出现了状态、体能和技术能力下滑的情况,1
在2018年女排世锦赛上，张常宁的表现屡遭质疑,1
面对外界的质疑，张常宁的选择是更加刻苦地训练与磨砺自己,1
在训练中，她“挑战”了几近自身极限的120公斤卧推，通过加强力量、恶补体能短板，让自己的小技术打磨得更加精益求精,1
在本届女排世界杯上重新找回了最佳的竞技状态的张常宁表示，她感谢教练、队友对她的帮助，感谢家人给她的鼓励，更感谢自己没有放弃,1
　　帮助球队提前问鼎女排世界杯冠军后，已经不再是四年前那样稚嫩的张常宁虽感慨良多，却更显沉静与成熟,1
她说，这次夺冠自己的心态更平静了，能够更多地去考虑如何更好地提高自身技术，“今年我比去年世锦赛承担了更多，给自己一点点定的小目标，一点点去完成，也是一个小小的进步,1
”　　接下来，张常宁的下一个“小目标”自然是东京奥运会,1
在她看来，走下领奖台，她和队友们需要继续为东京奥运会付出不懈的努力,1
“比赛中也有不少表现得不够成熟的地方，所以我们会继续努力，明年去冲击每一个对手,1
”（苏畅）,1
撰文/张蕾 车莉   编辑/王丽梅“有没有想过能拿11连胜,1
““没想过,1
也是11场球，一点点儿拼吧”，“挺难的，我们16个队员，其实挺难的”,1
一向以冷面示人的郎平，面对镜头，竟几度哽咽,1
女排世界杯11连胜夺冠后，郎平和中国女排终于能放松下来，享受一个“悠长”的假期,1
“她是一个有着很好个性的、强悍的女人,1
她是一个绝好的榜样,1
”国际排联的秘书长、巴西人费尔南多・利马这样评价中国国家女排主教练郎平,1
“她就像一个在偌大的社会里获得巨大成功的女人，她干了一番伟大的事业,1
我想，人们会承认一个真正干事业的人,1
”郎平带领中国女排，以11连胜战绩赢得冠军,1
利马还记得里约奥运会上，东道主输给中国队之后，巴西的国民表情――不是悲伤，而是吃惊,1
抛开对“不走运”的小小介怀，利马理解并欣赏郎平与她热爱的这项运动之间的关系,1
“郎平是这项运动的优秀大使,1
因为她从赛场中来,1
从赛场中来的人，会给你（看待人生的）另一个角度,1
”让人又爱又怕的詹妮“对于所有的中国队员来说，她应该就像神一样，是一个不折不扣的偶像,1
”名帅古德蒂说,1
他是土耳其女排主教练，同时执教知名俱乐部瓦基弗银行队,1
“我相信，所有的中国球员对于她说的每一句话都会非常用心地去听，她们会尽最大努力去执行她的每一道指令,1
”中国女排主攻手张常宁说，每次备战的时候，郎平提问对手的情况，大家都会特别紧张,1
郎平知道对方每一位球员的习惯击球路线，她的队员们也必须知道,1
郎导总是让队员又爱又怕“在训练一开始，她都会考问队员们，比如当16号球员在4号位的时候，她的路线通常是什么样的,1
”前中国队体能教练、美国人瑞特・拉尔森说，“如果你在错误的位置拦网，你会让整个队伍都丢分,1
不能只有詹妮（Jenny，郎平的英文名字）一个人知道,1
这是一种很伟大的中国队的精神力量――大家都非常努力，因为她们在乎她们的队友,1
”训练时，除了陪打教练，郎平有时也会有针对性地给队员喂球,1
丁霞说，郎导传球给她的时候，她会觉得格外紧张,1
“当詹妮看着你的时候，你希望你能做到自己的最好,1
”瑞特说，“我接球捡球之后如果要给詹妮，我也有一点点紧张，如果我扔得不对怎么办?要她追着球跑一段,1
那会让我感觉非常糟糕的，能毁了我的一天,1
”日本花样游泳教母井村雅代曾经这样描述主教练的工作：“你承担的责任越大，你就越孤独,1
”郎平不同意这一点，“我不觉得孤独，因为我们是一个特别强的集体，我们很多的决定，比如说我们战术上的研究、技术上的提高，我都是跟我们的助理教练一起,1
他们也知道主教练的想法，这样在整个训练当中会贯彻下去,1
”“我觉得绝对不是一个人的战场,1
对于郎平来说，执教女排不是一个人的战场“（对于运动训练）她非常新派，对于新想法抱持着开放的态度,1
拥有她和安导（安家杰）的组合非常好，后者是老派的风格,1
詹妮虽然也是一个很传统的教练，但她对于其他的思维方式都很兼容，事实上，我能在这做这份工作正是表现了这一点,1
瑞特曾在中国其他运动队工作，会有教练警告他：你要严肃点，我们的队员需要一个严格硬气的老师,1
“我说，那你得另请高明了,1
”谈起中国女排，瑞特说他最喜欢团队的氛围,1
有时候带热身，瑞特会让姑娘们跳舞，“每个人跳起舞来都傻傻的,1
我希望大家都能傻傻地很舒服地相处，这样大家会很亲近,1
”在瑞特的评价体系里，在良好的团队氛围里，每个人都有这样的感知，“我们即便犯傻，也会觉得很安心,1
”“因为这是运动竞技，你必须不时冒险，你得乐于尝试，哪怕表现糟糕,1
就像郎平在赛前常说的，嘿，今天我们来场冒险，把握机会：我们不要保守地比赛，我们可以打压线球,1
我们需要这样的训练环境,1
”郎平对于运动训练非常新派队员们对詹妮又怕又爱，是维护良好团队氛围的关键,1
每当看到酒店餐厅里为运动员们提供了大量的甜点，瑞特会跑去跟詹妮告状,1
“她立马站起身来，――这时的詹妮就是严肃认真的詹妮,1
她没收了女孩们盘中的全部甜点，然后开了个玩笑,1
一方面她传达了信息：不能再吃甜点,1
另一方面，她又开了玩笑――我听不懂――但所有人都笑了,1
”“这就是平衡,1
”瑞特说，“我相信她们完完全全地尊重她，她们对她的畏惧在一个恰当的程度,1
我想她们是喜欢她的,1
”每个人都爱詹妮,1
“我想象不到有什么人不喜欢她,1
她就是个很好的人，她很严格，但她很公平,1
”瑞特说，“我能感觉到，她不会总对同一个人发火，不管谁犯了错，你都会收获一张‘詹妮的刻薄脸’,1
”公平是比严格、聪明乃至善良都更难的事,1
“我觉得这是要点,1
如果你有时候不得不很严苛，那你就要很公平,1
你严苛的对象，是值得你这样对待的,1
郎平带着排球，穿梭于中国、美国、意大利，甚至还有土耳其,1
在用中、英、意三种语言熟练交流的同时，她把自己的排球逻辑与所处的文化背景融洽在一起,1
郎平把自己的排球逻辑和所处的文化背景融合在了一起美国人自我，精英排球的选拔依靠大学系统,1
意大利人职业，排球文化发达，联赛体系优质、健全,1
中国人讲究集体主义，国家和社会力量都看重女排,1
“运动员是想要赢的，詹妮知道怎么能赢，这是能够穿透文化差异的，对不对,1
”美国国家队队医劳瑞・博亚健-奥尼尔说,1
劳瑞与郎平年龄相仿，在2005年郎平出任美国国家队主教练时，两人成为朋友,1
劳瑞医生理解詹妮与球员们心意相通的“法宝”：“终归不过一句话：教练，告诉我，怎么能赢,1
”詹妮从不会失了风度2019年女排世界杯，中国女排提前一轮卫冕世界杯，夺得队史上第十个“世界三大赛”冠军,1
赛后，郎平依然冷静如常，她说，还不是掉以轻心的时候，一些强队没来，奥运会的考验会更多,1
2018年10月10日，女排世锦赛中，中国队第一次迎战美国队，以3:0拿下，12年来三大赛中首胜美国,1
对于这场久违而酣畅的胜利，郎平没有表现出激烈的情绪,1
她甚至没把高兴挂在脸上,1
直到赛后劳瑞特意跑来跟她拉了几句家常，郎平才展露了放松的笑容,1
“我想她是要表达尊重,1
她是非常古典老派（价值观）的人,1
她跟美国队还有很多情感联系，每个人都认识她，她也是卡什（基拉里，美国女排主教练）很好的朋友，所以我想节制情感的表达也是一种尊重,1
”体能师瑞特说，“我可做不到,1
我是个疯狂的人,1
”国民身份和赛场身份，在体育早已国际化了的今天，不时会有矛盾浮现,1
在2004-2008奥运周期，郎平担任美国队主帅,1
在接任之前，郎平考虑了各方因素，妥善而周全,1
国内排球界和大众舆论对于她的决定也乐见其成,1
哪怕在北京奥运会“和平大战”中，美国队战胜了中国队，国内的主流声音也未有一词指责郎平,1
这在中国的舆论场中，是极为少见的,1
“当她执教美国队的时候，从我的角度来看，我从来没有发现她的中国同胞们对她有喜爱之外的感情,1
”劳瑞医生说，“我想他们也会对她执教美国队感到骄傲，她也为自己是中国人而感到骄傲，中国人也都知道这一点，她从来没有离开他们，她只是去执教了美国队，但她仍然是个骄傲的中国女人,1
”劳瑞说起她跟郎平来中国比赛的经历――印着她的脸的广告牌（“她已经退役好多年了呀……”），酒店门口成群结队等她的粉丝（“这些粉丝都不是小孩子了，都是成年人，都想要她的签名”），从体育馆的台阶到停车场大巴之间，让他们没法轻易完成这一小段路程的人山人海（“这大概就是摇滚明星的待遇吧,1
她连吃饭都不得安生，有人等在一边要签名,1
这时郎平总会说：请让我先吃完饭，然后再给你签名,1
“她从来都是那么和气,1
这一点让我很惊讶，因为我觉得私人场合她是可以适当说说，例如‘不知道人们为什么总来打扰我’之类的话,1
我从来没有听过她说过一个字,1
詹妮从来没有失了风度,1
郎平始终保持着风度女儿白浪在小的时候不能理解，为什么妈妈陪我出去玩，总有人上前来打扰,1
妈妈对她的解释说，妈妈曾经也是打球的明星，像迈克尔・乔丹一样，大家喜欢妈妈，见到了妈妈真人，想跟妈妈合个影，这是很自然的想法，就跟你去迪士尼乐园特别想跟米老鼠照个相，是一样的心情,1
“妈妈要尊重别人，要给人机会的,1
”“我认为，她始终牢记，粉丝基础给了她多么大的支持和一些行事的便利,1
我认为她是那种从不把这些视作理所当然，并且会以尊重回馈的人,1
郎平的风度，从赛场中来，还有着更深层次的意涵,1
田宗琦评价郎平，“内心很干净的人”,1
这从世锦赛的进程中不难看出,1
如果考虑所谓风格是否相克、交手是否有心理优势的因素，中国队可以不争夺小组第一，以第二晋级反而能避开苦主意大利，那或许是个更“聪明”的选择,1
但中国队始终“以我为主”，六强赛全胜晋级半决赛,1
这也是舆论能在中国惜败意大利无缘决赛后，仍然可以喊出“虽败犹荣”四个字的原因,1
“其实有很多很多的运动员，他们赢得了很多，但是在爱惜羽毛方面，并不像她（郎平）一样强烈,1
他们并没有赢得像她那么多的尊敬,1
”劳瑞说，“在比赛中获胜是一回事，而用正确的方式获胜，又是另外一回事,1
”郎平的纯粹，让她赢得一切历经磨难的杰作“他们的人生都是由四年四年的任务周期组成的,1
这简直能让人发疯,1
”劳瑞医生边大口吸巧克力奶昔边摇着头,1
郎平在20年前的自传《激情岁月》中写，1996年奥运会后，她跟她的美国男朋友分手了，因为她想继续执教中国队到1998年，但他却认为，你已经完成奥运会了，你应该回来,1
“（对于詹妮的理解）他是错的，是不是,1
”劳瑞说，“96年亚特兰大奥运会后，她准备好继续做出牺牲,1
”她跟女儿依然过着隔着半个地球的生活,1
女儿很小的时候，因为思念，甚至会要求妈妈在午睡时都开着视频通话的摄像头,1
她也依然无法做个体贴入微的女儿,1
母亲家里装的紧急按钮，连着邻居家的报警器,1
还不要说她自己的身体，经历了十多次手术,1
“我想，很多成功的教练总会看到还有工作没有完成，‘事业未竟’，对不对,1
”劳瑞说，“我敢肯定，每天早上起来，她就会想，‘我们今天要怎么赢,1
’或者，‘为了将来获胜，今天要怎么准备,1
’我相信这对她来说是一个持久不变的动力,1
”也是出于责任,1
郎平与中国女排的故事未完待续“对于排球和中国，她已经给予了很多,1
但我敢肯定，她也觉得排球和中国给予了她很多,1
她觉得这些是需要她持续报答的,1
我们问过郎平，“在漫长的职业生涯中，有没有哪个时间点，生活的轨迹可能发生改变,1
”“我不会干别的,1
”郎平的回答很纯粹,1
这个问题，可能在20年前，她已经解决了,1
“我觉得做这个（一线工作）比较刺激，比较有挑战性，特别是看到球员高兴，也有成就感,1
”郎平说，“拿到最后的冠军的时候，就像一个论文完成了，或者一部历经艰苦磨难的杰作,1
”“我怀疑她的感觉是，球场就是她应该呆的地方,1
比赛就是郎平的故事,1
比赛又不是她的全部故事,1
中国女排在与阿根廷队的比赛中,1
国际排联网站 图今天下午，随着中国女排以3比0战胜阿根廷队，中国女排的本次世界杯征程也全部结束,1
半个月前，当本届女排世界杯拉开大幕的时候，大概没有人能想到中国女排将以11场连胜的骄人战绩霸气登顶,1
在新中国成立70周年之际，这支感动中国近40年的运动队，又为祖国献上一份厚礼,1
从中国女排在1981年首夺世界冠军开始到今天，无论是周遭环境还是排球运动，都已发生巨大变化，但中国女排无论是处于巅峰还是暂时遭遇挫折，精神不丢、信心不丢,1
女排拼搏、团结的品质已化作当代中国精神的重要组成部分,1
在28日中国女排提前一轮夺得本届世界杯冠军时，老女排队员、中国女排在2004年雅典奥运会上夺冠的主力队员杨昊，在社交媒体上发表了这样一段感言――女排精神不是赢得冠军，而是有时候知道不会赢，也要竭尽全力,1
是你一路虽走的摇摇晃晃，但站起来抖抖身上的尘土，依然眼中坚定,1
人生不是一定会赢，而是要努力去赢,1
杨昊曾亲历了中国女排在2003年至2004年连夺世界杯冠军和雅典奥运会冠军的辉煌，也目睹了中国女排在2005年之后跌入低谷,1
回想起来，当中国女排自2015年以来在郎平的率领下又一次走上巅峰时，其实，那段痛苦的记忆还未远去,1
中国女排队员袁心h扣球,1
国际排联网站 图2012年伦敦奥运会，中国女排在四分之一决赛负于日本队，被挡在四强之外时，所有的队员都是哭着离开赛场的,1
等到2013年，郎平于危难之际出任中国女排主帅，但中国女排下跌的惯性尚未止住,1
那一年的女排亚锦赛上，中国女排先后负于泰国队和韩国队，仅名列第四，是历史最差战绩，举国哀叹，并传出了“连郎平也拯救不了中国女排”的声音,1
当时，外界可能悲观地认为那支曾经激励亿万国人的中国女排，已经彻底沉沦,1
但是，中国女排自身从未放弃过信念,1
2016年里约奥运会夺冠之后，郎平为纪念中国女排里约夺冠的画册《里约之路》作序，她回忆了2013年中国女排在亚锦赛遭受重挫的灰暗日子，当时，队员们甚至担心郎平可能会为再度执教中国女排后悔,1
她是这样回复队员们的：“我既然选择回来执教，就已经做好了困难准备，这只是我们的开始，我会竭尽全力和大家共同奋发努力，做好每一天、每一个过程,1
我不求回报，只希望中国女排能不断成长进步，这个时候我们要荣辱与共，一起加油，大家需要互励互勉，我自己也要自励自强,1
”郎平的这番话正体现了女排精神的核心，不是为了结果而去努力，而是从来都不会放弃努力的过程,1
2019年8月4日，宁波北仑，中国女排在东京奥运会资格赛上，郎平给队员们安排战术,1
中国青年报・中国青年网记者慈鑫 摄郎平是经历过上世纪80年代中国女排第一个辉煌时代的人，对于女排精神，她理解得更深，并把这种理解传递给年轻队员，去潜移默化地影响她们,1
2016年里约奥运会，中国女排在小组赛首场就爆冷输给荷兰队，这也导致中国女排在八进四的时候遇到强大的东道主巴西队,1
那场女排四分之一决赛，可容纳一万多人的马拉卡纳体育馆座无虚席，九成以上都是为巴西队加油的主场观众，可以想象，这会对中国女排造成怎样的心理压力,1
但在比赛前一天，郎平已经想到了这一幕，她鼓励忐忑不安的队员们，“对东道主的比赛的确很难打，面对全场支持巴西队的球迷，千万不要感觉孤单，想想这么多年来一直坚定站在中国女排身后的全国几亿球迷，应该充满激情和动力去拼,1
老女排前三次拿世界冠军，都是打败了东道主,1
”女排精神影响和激励了几代中国人，而这十几亿国人、几亿球迷就是中国女排最强大的精神后盾，这正是以拼搏和团结著称的女排精神的力量来源,1
多少年来，这种精神历久弥新，从老女排传到新女排,1
2016年里约奥运会上，当徐云丽、魏秋月、惠若琪、朱婷四大主力在训练之余协商如何面对困难形势时，郎平仿佛看到了自己当年与孙晋芳、张蓉芳在场下商议面对困难的情景,1
如今，中国女排又迎来了朱婷、张常宁、袁心h、颜妮、龚翔宇、丁霞、王梦洁等组成的“白金一代”，这种传承仍在继续,1
也是有这种精神在，中国女排无论是在2014年之前处于低谷时，还是2016年里约奥运会上遭遇开局不利时，以及近两年也曾在与意大利、美国等对手比赛遭受失利时，都能忍辱负重坚持到最后，也始终保持对未来的信心,1
不利的环境下，中国女排总能迸发出强大的力量，这是令对手最害怕的地方,1
2019年8月4日，中国女排第一时间拿到东京奥运会资格,1
中国青年报・中国青年网记者慈鑫 摄但是，光有精神也是无法成就一支世界强队的,1
在竞争日益激烈的国际排坛，中国女排能够在短短几年实现复兴，与队伍的长远战略眼光、专业的人做专业的事和强大的保障力量都有密切关系,1
郎平在2013年执教中国女排时，就定下了自己的执教方针――既着眼于2016年里约奥运会，又着眼于2016年之后队伍的成长发展,1
所以，当惠若琪、魏秋月退役后，中国女排几乎无缝过渡到了以朱婷、张常宁、袁心h为核心的“白金一代”，朱婷还在郎平的建议下，在里约奥运会之后赴土耳其职业联赛磨砺了3年,1
如今，中国女排的“白金一代”正值当打之年，在郎平的栽培下，李盈莹、杨涵玉等更为年轻的队员也已成长起来,1
从人才的厚度看，中国女排不仅在里约奥运周期、东京奥运周期不愁人才，而且到再往后的一到两个奥运周期都有崭露头角的“苗子”,1
郎平在2013年入主中国女排时还与国家体育总局排球运动管理中心商定，整个教练团队的人员安排都由她负责，以实现各个岗位都能选用最合适的专业人才,1
有着国际视野的郎平，为中国女排配备了包括康复师、体能师等在内的国际一流教练团队，用一位国内排球资深教练的话说，中国女排保障团队的规模超过了运动员团队规模，这是一支世界强队所必须具备的保障力量,1
中国女排在2016年里约奥运会夺得冠军之后，郎平曾表达了退意，但在国家体育总局排球运动管理中心的诚意挽留下，郎平最终留任，并成为中国女排总教练,1
从主教练到总教练，不只是头衔的变化，更是郎平肩负的责任的变化――从一支队伍的管理到为整个中国女排项目发展统筹考虑,1
此次中国女排在世界杯夺冠，完成了东京奥运会之前最重要的一次练兵,1
由于塞尔维亚队未派出最强阵容参赛，意大利队意外未获世界杯资格，加上此次中国女排的强势夺冠对于对手更有警示作用，可以想象，明年的东京奥运会，中国女排面对的困难并不会比在里约时少,1
但正像郎平所说，每一次大赛，中国女排的目标就是升国旗、奏国歌,1
无论过程多么艰难，中国女排不到最后一刻都不会放弃,1
这种信念扎根于每一位女排姑娘的心底,1
郎平说过，没有最完美的个人，但是可以有最完美的集体，是大家的共同努力，成就了今天的中国女排,1
撰文/伯丁在3-0击败阿根廷，以全胜成绩夺取世界杯冠军，一向冷静的郎平在接受央视采访时突然哽咽，眼泪夺眶而出,1
赛后的新闻发布会，又有记者问到郎平1981年第一次夺取世界冠军的情景，郎平幽幽地叹了口气，再一次语速降低，似乎感慨万千,1
“应该说，大阪是我们的福地,1
”腾讯体育向郎平发问，究竟是什么令您触景生情,1
郎平开了个玩笑：“因为终于可放假了，很激动,1
”显然，这不是那个真实的答案,1
郎平作为主教练，在瞬息万变的国际赛场上杀伐决断，理论上必须做到铁血神经,1
这一次她通过11场高强度比赛，兑现了开赛前的诺言，将国旗升起，将国歌奏响,1
但郎平同时作为一个普通人，也有流露真实感情的一面,1
那些年，郎平曾经在怎样的场合，为谁洒下过英雄泪,1
曾为赖亚文而哭 称经历苦难的赖导就是世界冠军这次夺得世界杯冠军后，郎平也是第一时间和自己的老搭档赖亚文拥抱,1
郎平第一次担任中国女排主帅时，赖亚文就是她手下的队员,1
1998年，中国女排最大的参赛任务是世锦赛,1
春节过后，球队队长、副攻手赖亚文突然身患黄疸型肝炎住院,1
郎平去医院看望她，发现皮肤白皙的赖亚文像是被碘酒擦过似的锈黄，整个人爆瘦十多斤,1
因为需要静脉注射，手背、胳膊、脚面上全是针眼,1
扎针太多导致血管痉挛，每天要热敷来恢复血管的伸缩,1
赖亚文与郎平通话，电话里哭了起来：“我病得真不是时候，今年有重大赛事，我帮不了你，反而让你操心……”医生说，赖亚文痊愈后至少半年内不能运动,1
郎平心疼不已，但在赖亚文面前强忍眼泪,1
面临队伍无人可用的窘境，在队内会议上，从来没有在队员面前毫不掩饰流露情绪的郎平失声痛哭,1
郎平在亚特兰大奥运会上三次昏厥的时候都没有哭，但这次哭了,1
当届世锦赛，中国女排小组赛负于韩国，又负于巅峰期的古巴，几乎丧失了出线的希望,1
然而此后韩国队输给克罗地亚，中国女排惊险晋级四强，并将在半决赛挑战强大的俄罗斯队,1
赛前，国内媒体并不看好中国女排,1
郎平告诉队员放开打，已经死过一回了，还怕什么,1
那场比赛，赖亚文打满全场,1
由于赖亚文五月才复出，郎平担心她身体支持不住，多次犹豫，想换她下来休息，但赖亚文恳切的对郎平说：“不要换我,1
”最终，凭借赖亚文的拦网成功，中国女排以3-0的比分将俄罗斯斩落马下,1
赛后，郎平先是平静地与俄罗斯主教练卡尔波利握手，但当领队张蓉芳走向郎平的时候，郎平终于忍不住抱着张蓉芳哭出声来……首次卸任中国女排帅印 瞬间梨花带雨1998年底，因为身体已经无法负担主教练的繁重工作，郎平向中国排协提交辞呈,1
在全国排球全明星赛上,1
她将象征着帅印的排球交给新任中国女排主帅胡进时，同时哭得梨花带雨,1
常年跟随中国女排拍摄的摄影记者刘亚茹在还是胶卷相机的年代，按下了这个快门,1
多年后，郎平在一档电视访谈节目中再次看到这张照片，又一次泪流满面,1
她表示自己本不愿意辞去中国女排主教练，最根本的原因就是舍不得那批队员，特别想带她们拿奥运冠军,1
郎平在那档节目中说：“其实辞职我已经想了很久了，因为亚运会以前就想着要辞职，就想亚运会一定要站好最后一班岗，把亚洲冠军好好地交给胡进教练,1
”20年前，郎平认为完成了历史的使命，想多陪伴女儿，但是她又觉得舍不得，又觉得没把何琦、诸韵颖等队员送到奥运会最高领奖台上，留下了遗憾,1
一名运动员，可能运动生涯中仅有一次为国出战奥运会,1
郎平当时认为，比我自己后来想拿冠军那种欲望还要强,1
担任解说看女排输球落泪郎平最近一次参与排球解说，是在2017年做客腾讯解说朱婷在瓦基弗银行队的比赛,1
而再上一次解说女排比赛，正是2012年伦敦奥运会中日争夺半决赛资格,1
那场球日本队超水平发挥，中国女排以2-3告负，每局球都只输了2分,1
这场比赛结束之后女排队员魏秋月，惠若琪等人失声痛哭，在央视担任解说嘉宾的郎平看见这场比赛后也是伤心不已,1
她时不时在解说中呼吁中国女排应该拦防日本队的重点进攻人,1
在中国女排丢掉关键球，陷入不利局面后，郎平伸出双手颤抖，并深感惋惜,1
最后令女排告负的一球落地，郎平沉寂了半晌，起身离开解说席，竟然突然流泪，久久难以平静,1
这场中日之战刺痛了很多中国排球人的心,1
下一个四年，中国女排该怎么走,1
郎平在2013年，给出了清晰的规划，并决定再次出山,1
当所有人都在说：“郎平，中国女排需要你,1
”的时候，她再度挑起了重担,1
郎平曾为惠若琪缺阵落泪 亲自送她和魏秋月出嫁郎平2013年重新执教中国女排后，保留了惠若琪等老队员，并挖掘出了朱婷，袁心h等天才新星,1
2014年世锦赛惜败美国后，中国女排在2015年又向女排世界杯发起冲击,1
惠若琪曾回忆，自己状态本来非常好，对那年世界杯非常渴望,1
最后一堂训练课，郎平看上去情绪不是很好，似乎也没有休息好,1
她告诉记者说前一天晚上就吃了两个饺子，实在吃不下去,1
近距离一看，郎平嘴上起了好几个泡，这是急火攻心的情况,1
究其原因，是因为当时的队长惠若琪在北仑集训进入最后阶段的训练中突感心脏不适，队伍紧急安排她回北京进行全面身体检查，综合多方意见，出于对惠若琪身体负责，排管中心决定留她继续在北京观察，不随队前往日本参赛,1
当训练结束的时候，郎导给队员讲了讲注意事项，回到自己的位子，低下头原本随后要接受记者们的采访，但是不想突然情绪失控，眼泪有些控制不住，郎导不想让队员们看到这一幕，转身走进了训练馆角落的一间储藏室,1
过了一会儿，郎平才出来，由于情绪不稳定，她委托助理教练安家杰代替自己接受采访,1
多年后，惠若琪透露，自己真的没有想到郎导会为自己落泪,1
“郎导自己也曾经受过无数次的伤病，我想她落泪有感同身受的因素吧,1
”惠若琪说,1
那个晚上，惠若琪给郎平发去短信：“郎导，如果您需要，我随时待命，我相信自己，或者您需要我做什么尽管和我提要求，不论在哪里都与你们一起奋斗,1
”2016年里约奥运会夺冠后，郎平亲眼见证自己的“女儿”惠若琪、魏秋月出嫁,1
连续两场婚礼，郎导都洒下了眼泪,1
当时郎平发言说：“送上我的祝福，我们又少了一个队长,1
”没说几句话，郎平就哽咽着忍不住热泪盈眶，惠若琪赶紧和郎导紧紧地拥抱在了一起,1
纵观郎平每一次落泪，无一不是泪腺处在决堤的压力临界点,1
郎平出任中国女排主教练，倾尽所有，将自己一生的真才实学融入排球事业发展，同时将自己对排球的真挚感情带给队员，同事,1
某种程度上，这是一种独特的人格魅力,1
北京时间9月30日凌晨4时22分，中国女排乘坐的CA42次航班抵达北京首都国际机场T3航站楼,1
因为中国女排取得了11连胜成功卫冕的优异成绩，不少球迷和媒体来到机场迎接中国女排将帅凯旋，而中国排协方面也在运动员公寓准备了欢迎仪式,1
中国女排乘坐的CA42次航班原计划今晨5时抵达，实际上飞机在4时22分就提前抵达了北京首都国际机场,1
尽管女排凌晨抵京，而且飞机提前了半个多小时到达机场，但并未对很早到达机场的球迷们有丝毫的影响,1
几十个女排球迷知道女排今晨抵京的消息后，放弃了宝贵的休息时间，一大早就带着鲜花来到机场等候,1
十几家媒体的记者也同样在机场等候报道中国女排抵达的瞬间,1
5时23分，主帅郎平率先出现在大家面前，随后中国女排队员们也陆续走出T3航站楼到达大厅,1
队伍刚一露面，就受到了现场球迷热烈的欢迎，一些来接亲友的路人和机场工作人员也都秒变“迷弟”“迷妹”，放下了手头的事，举起手机拍照、争相合影，就为了一睹女排胜利之师的风采,1
随后，中国女排乘坐大巴离开了机场,1
而此时，中国排球协会的工作人员也已经提前在运动员公寓等待，为女排准备欢迎仪式，包括排球中心党委书记顾国平、前女排国手冯坤都来到迎接女排的队伍中,1
大家准备了鲜花，打起了“热烈欢迎中国女排凯旋归来”的横幅,1
6点25分，队伍大巴出现在运动员公寓门前,1
尽管连夜回京一脸疲惫，但看到协会的大家和一捧捧鲜花，郎平指导一下就笑了出来，幽默的她不忘和大家开起玩笑，并招呼大家一起合影留念,1
中国女排此次参加女排世界杯成绩骄人，以11连胜的成绩成功卫冕，她们用自己赛场上的表现，征服了观众，赢得了国人的尊敬和爱戴,1
（王怡薇、陈家祥）,1
【】【】【】【】腾讯体育讯 北京时间9月29日，2019年国际排联女排世界杯在日本展开第11轮争夺，中国女排以3-0（25-17、25-14、25-12）击败阿根廷，以11战全胜的成绩夺得冠军，卫冕成功，这是中国女排第五次在世界杯登顶，也是第10个世界三大赛冠军,1
颁奖仪式上，朱婷蝉联MVP并携颜妮、丁霞、王梦洁入选最佳阵容,1
比赛焦点1、尽管胜负无关大局，中国女排还是派出最强首发，“七仙女”朱婷、张常宁、颜妮、袁心h、丁霞、龚翔宇、王梦洁悉数亮相,1
2、中国女排以3-0击败阿根廷，以11战全胜的傲人战绩卫冕冠军，第五次登顶世界杯，这是中国女排第10次获得世界三大赛（奥运会、世锦赛、世界杯）桂冠,1
3、李盈莹、王媛媛、姚迪、杨涵玉、郑益昕成为新科世界冠军，中国女排的世界冠军人数达到59人，其中李盈莹是中国女排首位00后世界冠军,1
4、本届世界杯，中国女排11连胜，赢了33局仅丢3局，这一数据创造历史最佳,1
5、朱婷蝉联MVP并以第一主攻的身份携颜妮、丁霞、王梦洁入围最佳阵容，另外俄罗斯副攻扎娅兹科、美国主攻罗宾逊和接应德鲁斯也入围最佳阵容,1
战况回顾首局比赛，中国女排开局有些慢热，两边进攻都没有打死，阿根廷队反击快攻造成中国队拦网失误，以2-0领先,2
张常宁四号位扣斜线命中，龚翔宇二号位打手出界，张常宁反击直线扣中，中国队追至3平,2
朱婷扣球被拦死，袁心h背飞打成，颜妮吊球得分，中国女排以8-7暂时领先,2
张常宁一传送探头，阿根廷连得三分以10-8反超,2
朱婷出手机会有限，袁心h高点背飞屡试不爽，不过中国女排很难抓住防反机会，拦网的节奏没有把握住，阿根廷一直领先，随着福莱斯科后攻打成，阿根廷以16-14继续领跑,2
朱婷重扣得手，丁霞发球得分，朱婷梯次命中，中国女排17-16反超，颜妮短平快得手，张常宁扣球得分，朱婷发球轮帮助球队连续得分，中国女排以21-17拉开比分,2
颜妮和龚翔宇配合拦网建功，阿根廷换人难以打乱中国队节奏，张常宁拦网得手，帮助球队24-17拿到局点，朱婷发球弹网后得分，中国女排以25-17拔得头筹,2
第二局比赛，颜妮拦死了罗德里格斯的重扣，张常宁探头球得手，中国队以2-0抢得先机,2
龚翔宇二号位连续不下球，但袁心h快球连得两分，5-3后阿根廷发球下网，朱婷拦死福莱斯科的后二吊球，中国女排以8-4领先进入第一次技术暂停,2
尼泽蒂奇四号位扣球得分，袁心h短平快得手，朱婷巧打得分，中国女排以11-7继续领跑,2
顽强的阿根廷队连追两分，朱婷发球轮继续发威，中国队以14-9迫使阿根廷请求暂停,2
龚翔宇二号位直线打中，中国女排以16-10扩大战果,2
随后的比赛，颜妮发球直接得分，阿根廷不甘示弱，顽强追至13-17，郎平请求暂停,2
张常宁强攻被拦死，袁心h背飞打中，龚翔宇发球得分，袁心h拦网得手，中国队20-14迫使阿根廷叫了暂停,2
袁心h反击连得两分，张常宁重扣得分，中国女排连得五分以25-14再下一城,2
第三局，姚迪顶替丁霞坐镇二传，其他位置与首发一致,2
开局双方胶着比分，4平后朱婷拦网得分，6-4后朱婷拦死了阿根廷队快球，袁心h发球下网，阿根廷发球出了底线，中国女排以8-5暂时领先,2
阿根廷队扣球打到标志杆失误，王梦洁后排起球，龚翔宇二号位反击得手，中国女排以11-5逼迫阿根廷请求暂停,2
颜妮和龚翔宇高拦网建功，龚翔宇二号位反击吊球得手，中国女排连得五分以16-5拉开比分,2
龚翔宇的发球依然给对手施压，颜妮拦网建功，中国队依然让对手卡轮，19-5遥遥领先，罗德里格斯四号位平拉开打中，阿根廷才艰难渡轮,2
20-6后刘晓彤替换下朱婷，李盈莹换下张常宁，20-9后郑益昕替换下颜妮，李盈莹扣球得分，帮助球队22-9领先,2
23-10后刘晏含替换下龚翔宇，她发球直接得分，王媛媛换下袁心h，林莉顶替王梦洁，阿根廷进攻打手出界，王媛媛快球失误，李盈莹四号位强攻打手出界，中国女排以25-12锁定胜局，局分3-0击败阿根廷，以11战全胜的战绩夺得冠军，卫冕成功,2
赛后声音郎导幽默回应赛后采访哽咽：太激动了 因为要放假了中国女排主教练郎平赛后表示：“我们对对手（阿根廷）不熟悉，越不熟悉越难打，运动员在场上可能会出现不专注（的情况），这时候球挺难打的，我们要压住自己兴奋的心情，前半局没太投入，后边一看有点危险了，调整过来了,1
”面对央视记者崔嘉的采访，郎平对整个世界杯征程进行回盘：“其实挺难的，16个队员,1
”说到这，郎平哽咽落泪，“没想过11连胜夺冠，11场球一点点拼吧,1
”说到这里，郎平泣不成声，最终提前结束了采访,1
丁霞表示：“郎导也说了专注做好每一场，赢下每一场球也是我们世界杯的目标，虽然提前夺冠了，但最后一场也要做好,1
我们这次整体发挥比较平稳，确实大家状态都不错，这也是今年集训的结果,1
通过去年世锦赛，今年世界杯自己在场上更加多思考、多观察对手情况，相对去年来说成熟一些,1
”刘晓彤接受采访时表示：“再一次参加世界杯，心情不一样，团队有新的朝气，这次我们打得更成熟,1
自己作为大队员，希望给队伍更多的力量，给教练们分担一些压力,1
”女排齐声高喊：祝祖国生日快乐,1
中国中国我爱你,1
中国女排成功卫冕2019女排世界杯冠军，再次在世界舞台中央绽放耀眼光芒,1
中国女排的官方合作伙伴太平洋保险表示，中国女排为荣誉而战，每一分胜出都来之不易，展现出的团结拼搏精神令人振奋,1
太平洋保险将继续携手中国女排，奋勇拼搏、追求卓越、实现梦想,1
技术统计本场比赛，中国女排五位选手得分上双，龚翔宇15分，袁心h13分，朱婷12分，颜妮11分，张常宁10分,2
阿根廷福莱斯科13分，罗德格里斯12分,2
双方首发中国女排派出的首发阵容为主攻朱婷、张常宁，副攻袁心h、颜妮，二传丁霞，接应龚翔宇，自由人王梦洁,1
阿根廷女排派出的首发阵容为罗德里格斯、尼泽蒂奇，副攻米歇尔-托西、拉扎诺，二传梅耶尔，接应福莱斯科，双自由人里佐和冈萨雷斯,1
为女排打CALL升国旗，奏国歌,1
中国女排用实际行动将诺言变为现实，登上2019女排世界杯舞台之巅,1
中国女排官方合作伙伴――太平洋保险邀您共同见证中国女排的荣耀时刻,1
中国女排，国之荣光,1
撰文/叶珠峰中国女排在2019年世界杯夺冠了，她们转战日本三座城市，10连胜一路奏凯,1
迎着建国70周年之际，“女排精神”再次被重新提及，引起全社会的广泛热议,1
但从腾讯体育跟队的眼光看，所谓的“女排精神”只是外界赋予的一种“精神胜利法”,1
根据能量守恒定律，“能量不会凭空产生，也不会凭空消失,1
”实际上，能带走冠军奖杯，女排靠的是实力根基，细致的备战，郎平指导与队员永远谦逊的思想境界和态度,1
纵观中国女排本届世界杯所有比赛，郎平麾下的中国女排给观众一种“一切尽在掌握”的直观感受,1
整支队伍就像一辆制造精良的战车,1
郎平负责驾驶，朱婷负责开炮，其余教练团队成员和队员各司其职，扮演工兵的角色,1
大家一板一眼做好每一天的工作，保证中国女排这辆战车的平稳运转,1
而这些女排队员就像是普通的你、我、他一样，训练和比赛就是上班、下班，完成一项又一项的工作任务的过程,1
她们屏蔽了很多干扰，专注于这项事业，更加幸运的是获得了郎平的指点，获得了无与伦比的发展机会,1
与训练无关的事真的都不做截止到确定夺冠的这一天，中国女排只有在刚刚抵达横滨的第一个晚上，第五日打完对日本的比赛结束后郎平应邀带领全队与梁朝伟、刘嘉玲见面，以及札幌站比赛结束之后，全队获得了三次宝贵、短暂的休息，但队员仅限于在附近的小商店购物,1
其余与训练、比赛无关的事儿，比如接受赞助商的请托，比如与亲友的见面，女排队员真的一点儿都没做,1
在刚抵达日本横滨的第一阶段比赛，腾讯体育曾提出邀请一名女排队员参与当下流行的短视频节目拍摄，其场景也很简单：就是在女排世界杯商品区购买一些纪念品,1
但是这位女排球员谢绝了腾讯体育的好意，她婉拒的理由是：“说实话，我知道你这是个很好的创意,1
但这是与训练、比赛无关的事,1
比赛打赢了，不会有人说什么，比赛打得不好，这些都是毛病,1
”还有一位队员对于腾讯体育的人物报道非常喜爱，但是当作者邀请她转发的时候，她也表示了婉拒,1
“比赛期间，不宜发这些,1
”虽然以现在的眼光看，某种程度上运动员难以表达个性,1
可从另一方面讲，这难道不是女排队员高度自律的体现,1
“我们非常努力，非常刻苦，每天完成8小时的训练后还要单独进行防守训练,1
会流眼泪，也会抱怨，但只有这样努力，在场上才不会被对方打倒,1
恒心、决心、信心，尽最大努力成就自己,1
”很多女排队员的朋友圈封面页，都是这样的座右铭,1
排球特性决定了队员必须时刻保持冷静、谦逊对阵塞尔维亚前，腾讯体育在女排下榻的酒店见到了助教吴晓雷,1
腾讯体育恭维到：“今天的比赛没问题的,1
”吴晓雷笑着回答：“棋子还没落地之前，你不能说你赢了,1
”腾讯体育接触女排队内上上下下，从没有任何一个人敢把话说大，说满,1
就算是击败强敌后也一样，无论是去面对怎样的对手，郎平总会提到对方的优点在哪里，女排做得还不够好,1
女排从上到下都很冷静，就连击败3-0击败塞尔维亚夺得世界杯冠军后，队员也像完成了一场普通的比赛一样,1
赛前，摄像记者甚至还在“脑补”球员将郎平高高抛弃的景象，但替补队员飞奔入场，忘情欢庆的景象都“欠奉”,1
有一位记者请朱婷分享一下提前夺冠的感受，朱婷表示：“比赛还没结束,1
我觉得明天分享更合适,1
”郎平的表情也没什么变化，她也从来没有过那种自封“天下第一”的语气,1
“比赛还没有结束，还有一场比赛,1
另外，我觉得今天和明天的比赛，队伍‘不睡觉’的话，正常表现的话是水到渠成的事情,1
还有就是可能以前拿了好几次（冠军）了，觉得比较正常,1
”郎平淡淡地说,1
中国女排冷静到这个份儿上，能和谁来类比呢,1
如果硬要来找，比如网球界的费德勒、NBA球星“石佛”邓肯可以与中国女排的这份态度媲美,1
费德勒、邓肯这类球员，都是基本功极其扎实，心理素质超强，赛前从不说大话，场下从不张扬，场上足够专注，赛后继续努力的球员,1
其实在前线采访，中国来的记者很难从郎平，朱婷等队员口中得到采访内容，倒不是因为她们都是爱逃避媒体的人，而实际上,1
中国女排始终有这样的意识，即：因为太受全国人民热捧，任何一句言论，都可能会被放大，过渡解读,1
前中国女排队长惠若琪对这件事的看法是：“这其实是排球比赛本身的特点决定的,1
排球比赛本身变数就很大，你怎么知道哪支不太起眼的队伍会给你自己造成麻烦呢,1
每一名女排队员都很谨慎，不会轻易夸海口，怕被‘打脸’,1
”惠若琪还自曝，自己即便在解说时也一样小心谨慎，不会把话说得那么满，说得过于绝对,1
充分尊重科学规律 郎平玩通了这项运动今年南京世界女排联赛总决赛，郎平出人意料地派出了一支“一线+二线”混合编队打比赛，甚至还因为选人用人问题，遭受了球迷的攻击,1
腾讯体育后来得知，郎平根本不理外界这茬儿，就当啥也没发生过一样,1
她坚持自己的选择，坚信自己的判断,1
因为中国女排是一支大国家队，所有球员都需要有比赛可打,1
如果一年到头只是朱婷带着主力打，“大国家队”就是一句空谈,1
最终，那支被队员自己都自嘲“虾兵蟹将”的队伍还打到了第三名,1
此后，再也没有哪个球迷敢去质疑郎平了,1
郎平的履历，还用得着一般人去怀疑她吗,1
她作为球员赢得过三大赛冠军，还有意大利顶级职业联赛冠军，作为教练，她又带队登顶过意大利联赛冠军，也带中国女排获得过奥运冠军，还执教过美国队,1
论履历之完整、论经验之丰富，纵观全世界难有第二人与郎平相比,1
与排球打了一辈子交道，郎平在世界排坛的风起云涌中，摸透了这项运动的规律,1
郎平也在执教中充分尊重这项运动的规律和人才培养规律，因此很多球员都是在国家队被充分挖掘潜力，视野更加开阔，获得了更好的发展,1
本次担任中央电视台解说嘉宾的惠若琪在郎平手下担当了多年的防守核心，她的点评一针见血,1
“郎导的神奇，首先从她个人的职业经历上，无论是当队员，还是当教练，她都有丰富的经验,1
另外郎导是一个擅长准备的人，中国女排从不打无准备之仗,1
世界杯之前，郎导将主要对手一个一个地过，到了大赛当中，我们也会不断更新对手的信息，这样让我们女排比赛开始后，心理是稳定的,1
”本届世界杯前，安家杰教练也在一个场合对腾讯体育提到：“郎导和赖导，可以说是集合了过去40年排球执教、管理经验的精华，外界看到的女排比赛中，顶住困难的环节正是这样一种经验在起作用,1
”有女排队员告诉腾讯体育，郎平解决问题，自有其理论根基，以及独到的分析问题、解决问题方法,1
就拿击败美国队的比赛来看，郎平赛前的准备就可以称得上细致到“毛囊”了,1
明知道美国速度快，那中国女排做到什么就可以让美国降速,1
郎平带队员一次次准备，看录像，背轮次和人员特点，通过分析技术“链条”上每一项环节中国女排队员现有的状况，找到潜力突破点,1
多名队员都表示，“我们都是有针对性的训练拦防，也是逼着自己突破了很多,1
”郎平还严格训练队员的发球，强调“发球要有使命感”,1
很多堂发球课，郎平愣是逼着一些主力球员，不连续发出高质量的球，全队陪着观看不下课,1
郎导可能会定期“针对”一名球员：“你如果完不成指标，我有的是时间陪你,1
”比赛结果都是训练的真实写照,1
在女排队内，郎平就是这样高标准严要求,1
所谓慈不掌兵，做不到这一点，郎平又何以谈及将兵为帅,1
“你这可不行,1
”、“你们如果做不到，我会逼你们的,1
”这些狠话，郎平平时也没少说,1
腾讯体育数次下队，都能看到有队员被郎平批评到郁闷，甚至在场边默默流泪的场景,1
不过擦干眼泪，队员没有一人愿意掉队，在队友的鼓励之下，会马上振作,1
郎平屡次强调，每一天每一堂训练课都要认真对待,1
正是这些细节，解构了女排的冠军密码,1
并非遥不可及，而是真实的点点滴滴,1
2019年9月28日，中国女排3-0完胜塞尔维亚，提前一轮夺得世界杯冠军,1
中国女排成首支五夺世界杯的球队，郎平也拿到了自己排球生涯的第四座世界杯冠军,1
曾经她是声名鹊起的铁榔头1981年11月16日，第三届世界杯女子排球赛最后一场比赛在日本大阪体育馆上演，看台上座无虚席，此役是中国女排对战有着“东洋魔女”之称的东道主日本队,1
在前一晚3∶2艰难取胜美国队后，这场比赛的悬念其实已经没那么强了，按照积分规则，中国队只要赢下两局就能捧回梦寐以求的世界冠军奖杯,1
一开场，女排姑娘就打出了气势，很快以15∶8、15∶7干净利落地赢下两局――世界冠军到手了，但比赛还在继续,2
第三局，中国队先以10∶4领先，眼看就要总比分3∶0结束战斗，中国队心理出现了松懈，而背水一战的日本女排却愈战愈勇，逆转翻盘，连扳两局,2
到第五局决胜局，双方比分死死咬住，交替上升，最后关头日本队取得了领先，15∶14,2
紧接着，郎平斜线扣杀得手，15平，中国队夺回发球权，随后依靠两次拦网得分，以17∶15拿下最后一局,2
七战全胜，中国女排首次登上世界之巅，这是中国在“三大球”（足球、篮球、排球）项目上取得的第一个真正的世界冠军,1
那时整个国家刚从动乱中走出，开始转向经济建设，这个冠军对那一代国人来说无疑是最令人振奋的兆头，不过大家未能预料到的是，这只是中国女排80年代梦幻“五连冠”的一个开端,1
1981年在日本世界杯夺冠后，中国女排接连拿下了四个世界冠军，包括了所有世界大赛：1982年第九届世界排球锦标赛冠军，1984年洛杉矶奥运会金牌，1985年第四届世界杯冠军，1986年第十届世界女排锦标赛冠军,1
这五支冠军队伍里，始终都有郎平的身影――前四年，她是队内的头号主攻手，1986年，她以助理教练身份出征,1
在日本的世界杯上，据统计，中国队7场比赛共扣球1116次，其中郎平一人扣球407次，得了79分，扣球命中率48.6%,1
一时之间，“铁榔头”声名鹊起,1
身高1米84的郎平，与美国队的海曼、古巴队的路易斯并称为世界女排“三大主攻手”，成为很多对手重点研究的对象,1
1983年9月，上海全运会，郎平在4号位大力扣杀,1
（唐禹民 摄/ 视觉中国供图）上世纪80年代的世界排坛，正是群雄并起之时，古巴、日本、美国、苏联豪强林立,1
自从在日本夺得世界杯冠军后，中国女排立刻成为所有强队的假想敌,1
郎平曾在自己的日记里写过一件小事，那是在1984年的洛杉矶奥运会上，中国女排有一次去比赛场馆练习时，正巧碰上日本队，对方的主教练一看中国队来了，赶紧让陪练队员脱下身上的背心，仔细一瞧才发现，原来陪练队员身上的背心写的都是中国队主力的名字,1
美国队教练塞林格则不顾舆论质疑，在队内实行严格的军事化管理,1
“每天坚持8小时的集体训练，12个球员，没有一个结婚的，而在训练期间，她们谁都没有正式的工作，为了排球她们什么也不干……在一年多的时间里，她们周游全球，打了近百场比赛，全队只有一个信念：在洛杉矶奥运会上夺冠,1
”最终的决赛中，中国女排直落三局轻取美国队，把金牌收入囊中,1
很多人恐怕都忽略了，直到那一届奥运会，射击队许海峰获得的金牌才使中国实现了奥运金牌零的突破,1
中国女排成就世界女排史上首个“五连冠”后，全国上下各行各业掀起了一股学习“女排精神”的风潮，喊出了“学习女排，振兴中华”的口号,1
通过媒体报道，大家知道了女排是如何克服重重困难的：她们的训练场地简陋，缺少专业设备，而且经费有限，出国比赛常常买廉价机票，住学生宿舍，即便这样，每次出国比赛，只要飞行时间稍微长一点并且条件允许，主教练袁伟民就让大家到机舱后面练深蹲,1
女排姑娘们对冠军的渴望毫不亚于日本队和美国队,1
郎平1960年生在北京一个普通干部家庭，出生时赶上三年困难时期，整个国家都处于饥饿之中，父亲郎家骅给女儿取名为“郎平”，希望她一生健康平安,1
少年的郎平又赶上十年动乱，父亲被下放到干校，家庭重担都扛到了母亲的肩上,1
母亲在一家宾馆工作，当时很多外省青年到北京“大串联”，宾馆被挤得人满为患，母亲要日夜轮班，郎平和姐姐郎洪很早便开始独立生活，自己买菜做饭，洗衣服，干完家务后再写作业,1
郎平从小个头大，长胳膊长腿，能跑能跳，体育迷的父亲鼓励郎平参加各种体育运动，有时间还会带她去看体育比赛,1
郎平13岁进入北京工人体育馆少年体校排球班练习排球，1976年入选北京市排球队,1
两年后，18岁的郎平被时任国家队主教练袁伟民召入国家集训队，成为中国女排的一员,1
前国家队队员张蓉芳比郎平大三岁，被郎平昵称为“毛毛”，两人一起打球，退役后又一起搭档带国家队,1
初进国家队的郎平给张蓉芳留下了非常“特别”的回忆：“她1978年来国家队，给我的第一印象，这个小孩特别逗，傻傻的，特别可怜又特别可爱，人特别瘦，特别高，脸特别窄，小孩似的没发育开，头发扎两个刷子，翘在头顶上，像立在天上一样，显得人更高了,1
”郎平进队后训练有股狠劲儿，每天训练结束她都要自己加练，张蓉芳回忆说：“她练蹲杠铃的时候，腿太细、太长，不能正常做动作，屁股这么扭一下，那么扭一下，脸上的表情特难看，龇牙咧嘴,1
”正是凭着这股刻苦劲儿，郎平获得了主教练的赏识，一进队就得到了在各种大赛上场的机会，也慢慢练就了日后威震排坛的扣杀绝技,1
退役后她成了郎教头1986年，郎平退役,1
因为不想躺在女排的功劳簿上，她放弃了北京市体委副主任一职，先去北京师范大学学了半年英语，于次年自费赴美留学,1
郎平当时刚结婚，带着全部身家三四百美元到了美国，过上了穷酸的留学生活，他们寄住在朋友家,1
做了十几年运动员的郎平这时才发现自己除了打球什么都不会，“做饭不会，花钱不会，英语又说不利索，跳迪斯科想跳又怕跳不好，奶酪不喜欢吃，走在路上见了狗也怕”,1
“我可以想象，如果我没有经历过出国后‘一文不名，一无所有’的生活，一直留在中国，我的心态肯定也降不下来,1
”郎平后来在自传《激情岁月》里如此写道,1
到了美国的她从零开始，不再背着“五连冠”的包袱，不再去计较别人怎么看自己，她甚至主动避开爱国华侨集中的加州，远走新墨西哥州，因为她不想躲在别人的羽翼下,1
为了尽快在美国立足，郎平在新墨西哥大学排球队找了一份助教工作，学校给她的待遇是可以免费读书,1
后来的几年里，郎平曾为了生计“复出”，到意大利的一家俱乐部打球，还受邀执教八佰伴世界明星队，物质生活终于慢慢好转，有了房子、院子，也买了车,1
1994年，正在香港带队比赛的郎平接到排协的电话，请她绕道北京，说有事情商量,1
到北京后，恩师袁伟民当面请求郎平回国执教,1
当时的中国女排进入新老更替、青黄不接的动荡时期，尽管仍被众人寄予厚望，但在1986年夺冠后的七年里颗粒无收，甚至在亚洲争冠中输给了泰国，渐渐沦为一支二流球队,1
女排的危机，郎平一直看在眼里，但此时的她，自己的生活也陷入了危机,1
她当时正在和丈夫协议离婚，女儿刚刚两岁，抚养权仍无定论，一个家被生生分成两半,1
面对恩师的恳求，郎平很犹豫，她最放不下的是年幼的女儿，回国执教意味着聚少离多,1
但最后国家体委球类司司长的一句话让她下定了决心――“郎平，祖国真的需要你,1
”1995年2月，郎平回国，一下飞机就被事先守在机场的记者们围住了,1
郎平一回来投入到工作中，重整阵容，改变训练方法，演练技战术，她是一个做事追求极致的人，在场上会抠每个细节、每个动作,1
用一年多的时间，郎平就把中国女排从低谷中拖了上来，重回强队之列――1995年夺回亚洲锦标赛冠军，11月，拿世界杯季军，1996年亚特兰大奥运会斩获银牌，郎平获“世界最佳教练员”奖,1
当时很多人除了惊叹于郎平的执教能力，也对她放弃国外优渥待遇，回国带队的选择称赞不已,1
1994年，郎平在八佰伴世界明星队做教练的年薪是20万美元，当时国内有媒体说郎平在国家队一个月只拿500元，也有的说是一个月5000美元,1
郎平自传的联合作者陆星儿1999年去她家采访，翻看相册时无意找到了郎平的一张工资条，时间是1998年4月，郎平的职务工资加上所有的补贴、津贴，扣掉税款后到手974元,1
姐姐郎洪说：“这两年，郎平的工资已经涨过几次，1995年回来时，她的工资真的只有500多元,1
”有人说这点工资甚至不够郎平给美国的女儿打长途电话，其实不算夸张,1
奥运会结束，郎平完成了带队进四强的目标，原本可以交上教鞭，回去和女儿团圆，而且此时已有外媒披露消息，美国女排、意大利女排都有意邀请郎平执教,1
不过，在排协的请求下，郎平决定再留一两年，把队伍稳定下来，带队打完亚运会再作打算,1
直到1998年率中国女排获得亚运会冠军后，郎平终于卸下重担,1
没想到，十几年后，当女排再度出现危机，郎平又成了力挽狂澜的那个人,1
2013年，在排协的邀请下，她再度拿起中国女排的教鞭,1
而在这之前，郎平已经在意大利的俱乐部、美国国家队、土耳其俱乐部转了一圈，还回国组建了恒大女排并率队夺得联赛冠军,1
长期高强度的比赛和教练工作给郎平留下了一身伤病，身边不少朋友都劝她不要再接国家队这个担子，连恩师袁伟民也让她考虑身体，毕竟在上一次担任主教练时，郎平的身体已经发出了警报，几次在球场晕倒,1
但郎平说，自己心里对女排永远都有一种责任感，这种责任感又把她拉向了女排，2013年，她第二次出任女排主教练,1
两年后的女排世界杯，郎平带领一支全新的女排时隔11年重回世界之巅，一年后的里约奥运会又摘下金牌――作为教练员的郎平，也获得了一切可以获得的荣誉,1
2013年5月10日，郎平上任中国女排主教练后在北京首次公开训练,1
（图 | 视觉中国）球场之外的郎平80年代做运动员时，郎平有很多出国访问比赛的机会，当时的郎平才20多岁，和很多人一样对外部世界认识不多，充满好奇,1
有一次到联邦德国，郎平看到一个小城镇有四五个标准足球场，感到非常惊讶，她在日记里写道：“它使我想到联邦德国足球队为什么能够在世界足坛饶有名气，为什么能具有令人着迷的高超球技,1
小小的俱乐部竟然能培养出像鲁梅尼格这样的世界球星，可见普及一项运动是需要有一定物质基础的,1
”当时国家已经改革开放，但办体育的水平和思维还停留在计划经济时代，很多理念已经远远落后于国际,1
一个很小的例子是运动员的饮食，在比利时比赛时，晚餐吃牛肉，牛肉很嫩，没有完全烤熟，还略带血丝，郎平听说这种吃法营养价值比熟透吃要高好几倍，惊叹地说“难怪欧洲运动员普遍壮实些”,1
后来又看到古巴队早餐吃火腿、鸡蛋，中国女排队员们也开始改变过去早餐不吃肉食的习惯,1
郎平有晕车、晕机的毛病，每次出国比赛，一下飞机都会晕乎乎的，花很长时间才能恢复过来，给训练和比赛带来了不小的影响,1
有回访问美国时，和女排同机的有一支洛杉矶少年足球队，在20多个小时的长途飞行中，少年们一个个戴着耳机边听边唱边扭，精力旺盛,1
“这说明他们身体的适应能力很强，这方面我们中国运动员是有很大差距的,1
”郎平善于观察、喜欢思考的习惯为她后来的执教带来了很多帮助，也让她开阔了眼界，加深了对排球、对体育的思考,1
2000年奥运会后，美国队向郎平发出邀请，但刚从中国国家队卸任的她拒绝了,1
2004年11月，美国队再度发出邀请，这一次，郎平考虑再三答应了,1
她曾在接受本刊采访时说，做这个决定主要是为了女儿,1
“因为女儿也大了，都13岁到青春期了，青春期的孩子情绪很不稳定，所以我觉得老在意大利不行,1
我现在打电话都要算着时差，到半夜1点，等她放学回来我才能打,1
毕竟是女孩子，爸爸照顾得很好，但妈妈不在身边还是不一样,1
这个工作如果不接，四年以后我再接，女儿都多大了,1
到那时候我也不会再接了，真的,1
女儿都那么大了，她也不会再要你了，人家也有自己的生活了,1
”尽管在球场上以强悍、严格著称，但郎平从来不避讳展露自己柔软的那一面，她为了女排放弃过爱情，放弃过来之不易的安稳生活，但从第一次回国执教开始，女儿始终是她最大的牵绊,1
后来虽然郎平在北京奥运会上率队击败了中国女排，但赛后也没有出现大家担忧的铺天盖地的指责声,1
如今回过头去看第一次执教中国女排，有人觉得郎平没有率队拿到世界冠军留有遗憾，但郎平不这么想，“我觉得拿世界冠军最好了，但是世界冠军只有一个，不可能人人都拿，只要尽力就足够了，对我自己而言我是没有遗憾的”,1
2008年8月9日，郎平作为美国女排主教练在北京奥运会与日本队的比赛中指导队员,1
（图 | 视觉中国）有一件事情对郎平触动很大，苦练近10年的美国队在洛杉矶奥运会上与金牌失之交臂后，主攻手海曼选择退出国家队，去日本的大荣队打球，1985年在一场比赛中突然晕倒，在送往医院的途中心脏停止跳动，死于心血管疾病,1
她的主教练塞林格深受打击，为了纪念这位爱徒，他还去了大荣队当教练,1
对海曼的死，郎平也很震惊，她和海曼虽然在球场上是对手，但私交很好，每次去美国或者在其他地方的比赛中遇到，两人都有很多话谈，从比赛训练、伤病困扰到恋爱、结婚……在竞技场上浮沉近40年后，郎平对体育已经有了更为超脱的看法,1
对见证过上世纪80年代中国女排“五连冠”的国人来说，女排就像是一种精神图腾，而作为女排的代表人物，某种意义上，郎平就是这个图腾的化身,1
在过去的40多年里，女排的高峰与低谷、成与败，她都亲历过,1
里约奥运夺冠后，又有很多人重提“女排精神”,1
有人去问郎平，女排精神是什么,1
她的答案是：“女排精神不是赢得冠军，而是有时候知道不会赢，也竭尽全力,1
是你一路虽走得摇摇晃晃，但站起来抖抖身上的尘土，依旧眼中坚定,1
人生不是一定会赢，而是要努力去赢,1
腾讯体育讯 北京时间9月28日，2019年国际排联女排世界杯在日本展开第十轮较量，中国女排以3-0（25-14、25-21、25-16）击败塞尔维亚，以十战全胜积29分高居第一，领先第二名美国4分，不管最后一场与阿根廷结果如何，中国女排都已提前一轮锁定冠军，卫冕成功,1
比赛焦点1、中国女排10场保持全胜积29分，在领先一个胜场的情况下比第二名美国队多4分，不管最后一场结果如何，都无碍夺冠，这样中国女排提前一轮夺得冠军，卫冕成功,2
2、这是中国女排第五次获得世界杯冠军，之前四次分别是1981年、1985年、2003年和2015年,1
中国女排继1981年和1985年后，第二次在该项赛事卫冕，同时中国在世界杯以5冠超越古巴女排4冠，成为该项赛事夺冠次数最多的球队,1
3、这是中国女排自1981年世界杯夺冠以来，第十次获得世界三大赛（奥运会、世锦赛、世界杯）冠军，追平古巴队，仅仅比俄罗斯（含前苏联）少2个,1
4、郎平6次征战世界杯，包括运动员和教练，取得4金2铜的骄人战绩,1
6次征战都有奖牌进账，这是历史第一人,1
战况回顾首局比赛，朱婷四号位进攻得手，龚翔宇二号位打手出界，中国女排开局与对手胶着比分，张常宁进攻没有打死，塞尔维亚抓住反击以7-5领先，朱婷四号位打中，反击吊球得手，帮助球队追平比分,2
塞尔维亚背飞失误，中国女排以8-7暂时领先,2
第一次技术暂停后，袁心h发球连续破攻，朱婷冲进打短球得手，颜妮拦死拉佐维奇的重扣，朱婷四号位反击斜线打中，之后改扣直线得分，中国女排以12-8迫使塞尔维亚请求暂停,2
颜妮近体快得手，龚翔宇二号位扣中，中国女排以16-10拉开比分,2
张常宁反击拐直线得手，11-19塞尔维亚再叫暂停,2
张常宁反击再得一分，龚翔宇发球直接得分，张常宁探头球打中，中国队22-11遥遥领先,2
张常宁后攻得手，帮助球队以24-13获得局点，朱婷四号位扣斜线得分，中国女排以25-14拔得头筹,2
第二局比赛，朱婷吊球出其不意，随后后攻打成，中国女排以4-1抢得先机,2
塞尔维亚请求暂停后，别利察的进攻略有起色，一度将比分追至4-6，张常宁拐腕直线打中，丁霞探头球打手出界，中国女排在第一次技术暂停时以8-6领先,2
朱婷短球轻拍直线得手，紧跟着大斜线反击得分，中国女排10-7领跑,2
米尔科维奇发球直接得分，拉佐维奇吊直线得手，塞尔维亚顽强追至10平,2
随后双方比分交替上升，龚翔宇发球出界，中国队一传失误，塞尔维亚追至15平,2
张常宁开网进攻得手，帮助球队以16-15领先,2
之后两队陷入拉锯战，朱婷和张常宁的扣球接连得分，塞尔维亚也毫不示弱，19平后塞尔维亚发球失误，中国队以21-19占先,2
颜妮拦网得分，布萨一传失误，张常宁扣球帮助球队以24-21拿到局点，多回合胶着塞尔维亚后攻失误，中国女排以25-21再下一城，局分2-0领先,2
第三局比赛，朱婷第一次进攻得手，龚翔宇扣直线命中，塞尔维亚失误，中国女排以3-0迫使对手请求暂停,2
朱婷后三进攻造成对手窝果，颜妮拦死别利察的进攻，袁心h近体快打中，中国女排以8-3建立优势,2
袁心h拦死了拉佐维奇的重扣，朱婷四号位巧打得分，中国女排以11-4扩大战果,2
别利察二号位出手果断，但她的队友分担有限，王媛媛替补换下袁心h，龚翔宇二号位打手出界，中国女排以16-10继续领跑,2
接下来，龚翔宇发球直接得分，朱婷反击扣中，帮助球队以19-12掌握场上主动权,2
塞尔维亚不甘示弱，顽强迫近至16-20，郎平请求暂停,2
颜妮探头球命中，张常宁四号位斜线打中，张常宁网口争夺得分，中国队以24-16拿到赛点，塞尔维亚一传失误，中国女排以25-16锁定胜局，局分3-0击败塞尔维亚，以十连胜提前一轮夺得冠军，卫冕成功,2
赛后声音中国女排主教练郎平赛后表示：“虽然还剩一场比赛，集中精力把它打好,1
首先要恭喜团队，恭喜我们的队员,1
这是塞尔维亚的二组，对方技术还是不错的，不管是一组还是二组，我们争取打出自己的水平，以这个为鼓励，为起点，继续备战东京奥运会,1
”对于国家队今年的总结，郎平表示：“我们完成了今年的既定目标，世界杯是最后一次国家队比赛，之后是联赛，希望明年能够更加刻苦训练，寻找自己的不足，当然还有一些强队没有来，奥运会的考验更多,1
”对于运动员的提升，郎平分析说：“我觉得这是每一天训练的积累，很多细节、很多技术需要运动员的积累，我们需要与运动员达成共识，哪些方面不够，要卧薪尝胆突破它，这是团队的智慧,1
”展望明年的东京奥运会，郎平表示：“现在强手非常多，每场比赛都会有变数，还要看临场发挥，还要看对手给你的压力，强队之间的比赛很难用绝对实力来断定,1
相比上届世界杯磕磕绊绊，这次人员比较齐整，应该说还是比较顺利的，明天的比赛要尊重对手，尊重自己，要把最后一场球打好,1
”张常宁表示：“还是非常开心，这（夺冠）也是对我们大家今年辛苦训练的收获和肯定,1
感谢自己没有放弃，谢谢家人一直鼓励我，教练和队友给予我很大帮助，这一年来从集训中加强力量，缓解伤病，加强小技术，跟上节奏后，大家配合越来越默契，这次大家稳扎稳打，打得比较稳定,1
”张常宁参加过两次世界杯都夺得冠军，她表示：“上届世界杯赢下俄罗斯特别特别兴奋，那是对自己的激励，突然被推上这个位置，站在这个舞台不可思议，今年心态更淡定了，主要想着哪些技术可以提高，学会承担更多了，给自己定的小目标一点点去完成,1
”技术统计中国女排三位选手得分上双，朱婷得到18分，张常宁16分，龚翔宇11分，颜妮6分，袁心h5分，丁霞3分，王媛媛2分,2
别利察15分，拉佐维奇贡献13分,2
双方首发中国女排派出的首发阵容为主攻朱婷、张常宁，副攻袁心h、颜妮，二传丁霞，接应龚翔宇，自由人王梦洁,1
塞尔维亚女排派出的首发阵容为主攻布萨、拉佐维奇，副攻萨维奇、阿列克西奇，二传米尔科维奇，接应别利察，自由人普西奇,1
下轮预告根据赛程安排，北京时间9月29日下午14:00，中国女排将迎战本届世界杯最后一个对手阿根廷女排,1
为女排打CALL每一份付出，每一分胜出,1
拼搏的路，越走越强大,1
中国女排官方合作伙伴――太平洋保险邀您共同见证中国女排的每一个高光时刻,1
我们的目标是：升国旗、奏国歌,1
腾讯体育讯 北京时间9月27日，2019年国际排联女排世界杯展开第九轮争夺，中国女排以3-1击败荷兰女排，斩获九连胜，以不败成绩雄踞积分榜首位，四局比分为25-19、25-16、21-25、25-19,1
朱婷得到全队最高的22分,1
明天14:00，中国女排将迎战塞尔维亚，只要赢球即可提前一轮夺冠,1
比赛焦点1、中国女排3-1横扫荷兰，豪取九连胜，以不败战绩领跑积分榜，朱婷得到全队最高的22分,1
2、由于美国3-2战胜俄罗斯再丢积分，明天中国女排与塞尔维亚交锋，只要赢球，不管最后一场与阿根廷结果如何，都将提前一轮锁定冠军,1
战况回顾首局比赛，张常宁四号位打手出界，龚翔宇把边拦网得手，颜妮拦死斯洛特耶斯二号位重扣，张常宁又拦死斯洛特耶斯，中国女排5-1迫使荷兰队请求暂停,2
斯洛特耶斯二号位拐直线压线，张常宁一传送探头，颜妮快攻打中，中国队6-3领先,2
袁心h反击快球连得两分，中国女排以8-3暂时领先,2
第一次技术暂停后，袁心h拦网建功，帮助球队以10-3扩大战果,2
龚翔宇二号位扣出界外，张常宁拐腕直线打到标志杆，斯洛特耶斯反击得手，荷兰队追至7-10，郎平请求暂停,2
荷兰队失误连丢三分，斯洛特耶斯抢速度得分，14-10时朱婷第一次出手四号位重扣得分，袁心h发球得分，中国女排以16-10拉开比分,2
17-12时朱婷四号位扣斜线命中，颜妮拦死斯洛特耶斯，20-12荷兰队两点换三点，迪耶科玛和普拉克出场，龚翔宇二号位扣中，袁心h短平快得手，22-16朱婷后攻得分，张常宁后攻打手出界，帮助球队24-18获得局点，朱婷四号位扣球得分，中国女排以25-19先声夺人,2
第二局比赛，荷兰队有效控制住失误，开局与中国女排胶着比分，4平后斯洛特耶斯二号位打中，张常宁一对一打成，朱婷拦死洛赫胡斯的快球，斯洛特耶斯后攻命中，朱婷四号位轻吊得手，中国女排以8-7暂时领先,2
短暂休整后，布伊吉斯进攻界外，中国女排连得三分以11-7扩大战果，荷兰队请求暂停,2
朱婷四两拨千斤改扣为吊出其不意，颜妮拦死库尔哈斯的快球，布伊吉斯四号位扣球界外，颜妮拦网再得一分，中国女排在丁霞的发球轮连得八分以16-7遥遥领先,2
布伊吉斯打手出界帮助荷兰队艰难渡轮，朱婷四号位势如破竹，荷兰队拦防上没有太多办法，张常宁四号位进攻得手，中国队以21-12领跑,2
朱婷后攻命中，随后四号位打落点得手，丁霞二次球得手，中国女排24-13获得局点，荷兰队连追三分，荷兰队发球失误，中国女排25-16再下一城，局分2-0领先,2
第三局比赛，2平后龚翔宇拦死格鲁图斯，中国女排以4-2占先，斯洛特耶斯二号位长线扣中，张常宁四号位扣球下网，4平后双方短暂胶着，颜妮短平快得手，张常宁四号位平拉开打中，中国女排以8-6暂时领先,2
落后的荷兰女排并不示弱，布伊吉斯和斯洛特耶斯的进攻接连打成，而中国队自身出现失误，双方战成13平,2
朱婷四号位扣出界外，14-15郎平请求暂停,2
迪耶科玛发球下网，斯洛特耶斯进攻打手出界，荷兰女排以16-15继续领跑,2
朱婷四号位扣长线得手，16-17时李盈莹替换下张常宁，李盈莹一传接飞，荷兰队以19-16扩大战果,2
格鲁图斯吊球得手，16-20郎平再次请求暂停,2
李盈莹调整攻界外，荷兰队触网违例，中国队艰难渡轮,2
迪耶科玛二次球再次偷袭得手，中国队难以挽回颓势，荷兰女排以25-21扳回一城,2
第四局比赛，朱婷扣球拿到一分，但队友分担有限，中国队开局1-3、2-5落后，仅有的两分都是朱婷所得,2
朱婷发球滚网后落地，斯洛特耶斯小斜线切中，张常宁跑动起来打短球得分，布伊吉斯四号位打手出界，荷兰女排以8-6暂时领跑,2
短暂休整后，张常宁后攻打手出界，帮助球队追至9平,2
布伊吉斯二号位反击下球，荷兰11-9再次领跑,2
斯洛特耶斯体能略有下滑，进攻出现失误，张常宁四号位反击被拦死，荷兰队追至14-15，张常宁进攻打成，帮助球队以16-14领跑,2
接下来，张常宁拦网和扣球接连建功，中国女排以19-14扩大战果,2
龚翔宇网口争夺得手，张常宁扣长线失误，荷兰队追至18-21,2
袁心h背飞下手果断，张常宁发球直接得分，袁心h背飞得手，中国队以24-19拿到赛点，荷兰队扣球出界，中国女排以25-19锁定胜局，局分3-1击败荷兰女排，取得九连胜，继续领跑积分榜,2
赛后声音中国女排主教练郎平赛后表示：“我们做了很多困难准备，大阪第一场，发接环节不太适应，大家还是顶住了,1
第三局对方加强了发球攻击性，我们有一些不到位，强攻不下球，再加上自己失误特别多，这一局送了不只8分，跟强队打送这么多分不应该,2
跟强队打输赢很正常，要保持专注，一传不到位要耐心调整好,1
”对于张常宁的表现，郎平直言：“宝宝（张常宁）确实在进攻方面遇到一些困难，有些着急，所以我们告诉她要耐心，有时候太想打死，反而效果不好，我在场边提醒她要耐心，队友会一起保护她,1
”袁心h赛后表示：“我觉得还可以做得更好，第三局需要我们再总结吧，还可以再紧凑一点,1
第三局给自己挖坑了，第四局要尽快填上,1
这届比赛还是做好自己吧，是什么样就什么样，还有进步空间吧，背飞打得好是二传传得好,1
”二传丁霞坦言：“整体来说调动得不是很好，没有发挥出自己的正常水平，三四局打得非常被动，自己这边做得不够好,1
前两局虽然赢了，我们的防守不是特别好，对手一调动，我们一定要跟对手红眼，能够反转还是大家那股劲以及坚决拿下来的决心,1
我们的强攻朱婷这一点比较正常，张常宁和龚翔宇被对手撑起和防起来多一些，我还要调整好传球质量，相信明天的比赛中会做得更好,1
”技术统计中国女排四位选手得分上双，朱婷得到22分，袁心h16分，张常宁15分，龚翔宇12分，颜妮9分,2
荷兰队斯洛特耶斯24分，格鲁图斯11分，布伊吉斯9分，洛赫伊斯6分,2
双方首发中国女排派出的首发阵容为主攻朱婷、张常宁，副攻颜妮、袁心h，二传丁霞，接应龚翔宇，自由人王梦洁,1
荷兰女排派出的首发阵容为主攻格鲁图斯、布伊吉斯，副攻洛赫伊斯、库尔哈斯，二传邦加尔茨，接应斯洛特耶斯，自由人舒特,1
下轮预告根据赛程安排，北京时间9月28日下午14:00，中国女排将迎战本届赛事第十个对手塞尔维亚女排,1
为女排打CALL每一份付出，每一分胜出,1
拼搏的路，越走越强大,1
中国女排官方合作伙伴――太平洋保险邀您共同见证中国女排的每一个高光时刻,1
我们的目标是：升国旗、奏国歌,1
俗话说，行百里者半九十，越到接近胜利的最后关头，越是需要绷住一口气,1
对于中国女排来说正是如此,1
在9月26日进行的第三阶段前唯一一堂场地适应训练课上，郎平就毫无放松，带领球队进行了一场高标准的训练,1
随后，球队就将在27日-29日迎来世界杯的最后三场比赛,1
只要完成三连胜，中国女排就能确保完成世界杯五冠王伟业,1
力争创造历史，女排姑娘们准备好了,1
郎平和朱婷在场下轻松交流,1
适应场地，球队争分夺秒不久前在札幌结束的世界杯第二阶段，中国女排取得了最理想的结果――连胜巴西、美国两支强队，随后又在主力轮休的情况下轻取肯尼亚,1
带着八连胜的战绩进军大阪，球队即将迎来争冠的决战――从27日到29日，中国女排将接连对阵荷兰、塞尔维亚、阿根廷三支球队,1
此前在25日中午，中国女排就乘坐航班抵达了大阪，在酒店稍作休息之后，球队就开往大阪中央体育馆的练习馆进行了训练，并且一练就是三个小时,1
惠若琪此前也来看望师妹们,1
26日中午，球队也按照组委会的安排来到大阪中央体育馆的主场馆进行场地适应训练，这也是第三阶段比赛开始前唯一一次赛场适应训练，短短一个小时，球队也是非常珍惜,1
相比其它球队，中国女排即便在训练场上也有不一样的气势：教练布置完训练之后，所有球员会一起高喊打气,1
训练中打出好进攻，完成好防守，队员们也都会像是比赛一样一起欢呼鼓劲,1
主教练郎平也仍旧一丝不苟，不停地提醒着训练中的球员，“（拦网）往前压，注意起跳时间”、“出手早了”……中间即便是队员喝水，郎平也在提醒大家“快一点”，以免浪费了短短一个小时的训练时间,1
事实上，在26日除了赛场适应训练这一个小时外，中国女排也仍然另外安排了在训练馆的训练，以此来保持球队的比赛状态，此外每天晚上的录像学习也照常进行,1
张常宁在比赛中,1
迎战强敌，全队严阵以待经过了对阵肯尼亚的比赛的轮休，中国女排的主力阵容得到了休息调整的时间,1
因此在26日的训练期间，球队的精神状态看起来相当不错,1
在分组对抗训练时，郎平仍然把此前常用的一套主力阵容放在了一起磨合，随后也有李盈莹等球员加入,1
可以预见，在第三阶段的比赛中，中国女排的基本阵容也将不会有太大调整,1
26日的赛场适应训练期间，郎平重点“盯”了年轻主攻李盈莹的一传训练，一边指导还一边亲自上阵示范动作,1
当李盈莹接出好球，郎平也毫不吝惜大声的夸赞,1
而在此前出现右手腕伤情的朱婷，经过轮休之后也明显感觉不错，训练课期间偶尔和队友开开玩笑，看起来状态也非常放松,1
从目前的积分榜形势来看，中国女排作为仅有的一支8战全胜球队排名第一，身后则是7胜1负的美国队和俄罗斯队,1
由于还剩3场比赛未打，因此美俄都还有反超中国队的可能，想要百分百确保冠军，争取第三阶段全胜将成为中国女排姑娘们的目标,1
27日，中国女排将要对阵的荷兰女排目前排名第四，实力也不可小觑,1
此前在里约奥运会，中国女排就曾在小组赛不敌荷兰,1
而28日的对手塞尔维亚也同样实力不俗，虽然有主力缺阵依然不能轻视,1
本届世界杯上她们曾3比2战胜荷兰，说明了这套阵容的实力,1
朱婷为队友们打气,1
中国球员闪光数据榜前两阶段战罢，高居积分榜第一的中国女排自然也在赛事的数据榜上闪光,1
根据赛会公布的第二阶段最佳阵容，中国队主攻手朱婷、副攻颜妮以及二传丁霞就同时入选，成为了入选最佳阵容球员数量最多的队伍,1
在得分榜上，中国女排队长朱婷也以127分位列第三，考虑到几次对阵弱队她都得到轮休，这一数据已相当不错,1
而在进攻球员排行榜上，朱婷则是以高达55.22%的“恐怖”进攻成功率高居榜首，除了朱婷之外，再没有其他球员的进攻成功率超过五成,1
在其它数据方面，拦网排行榜上颜妮排名第4，平均每局拦网0.73个，袁心h也以平均每局拦网0.69个排名第6,2
发球榜上，张常宁以平均每局发出ACE球0.31个排名第6，丁霞以平均每局发出ACE球0.27个排名第8,2
此外，丁霞在二传榜排名第3，龚翔宇在救球榜排名第9，同时也在一传榜排在第5位,2
当然，对于中国女排的队员们来说，“刷数据”永远不是她们的目的，帮助球队赢下比赛才是最为重要的,1
还剩下关键的三场对决，球队会以全胜为目标，努力拿下冠军,1
中国女排夺世界杯八连胜原标题：女排精神历久弥新在3：0完胜日本女排、3：2力克劲敌巴西女排、3：0横扫美国女排之后，今天中国女排迎来开赛八连胜，再一次为球迷们展现出历久弥新的中国女排精神,1
回想中国女排第一次夺得世界大赛冠军的情景，依然让人心潮澎湃,1
1981年，第三届女排世界杯在日本举行,1
11月16日傍晚，无数中国人围坐在黑白电视机前，焦虑地观看女排战况,1
面对实力强大的东道主日本队，在决胜局比分落后的不利形势下，女排姑娘咬紧牙关拼搏到底,1
随着“铁榔头”郎平一记重扣，中国队以3：2险胜，“三大球”首个世界冠军诞生,1
电视机前的观众热泪纷飞，“中国万岁,1
”的呐喊响彻夜空，这一幕至今那样清晰,1
女排魅力30多年不衰，粉丝遍中华，纵跨几代人，是因为总赢球吗,1
竞技场上没有常胜将军，女排输过比赛，丢过冠军，很少轻松取胜，还经历过漫长低谷,1
但是女排有性格，有那么一股劲,1
用郎平的话说，“在实现自己梦想过程中，会遇到很多困难，应发扬永不放弃的精神去战胜它”,1
咬紧牙关拼到底，正是女排精神的内核,1
2004年在雅典奥运会、2016年在里约热内卢奥运会，女排都上演过绝地逆转的奇迹,1
女排精神的魅力就在于，无论形势多严峻，总会拼到底，永远保持向上奋斗的姿态,1
女排气质塑造于改革开放新时期，女排精神是改革开放精神的产儿,1
从夺得首冠起，女排姑娘成为向世界证明中国体育强起来的时代英雄，激励几代人为国家富强、民族振兴、人民幸福而奋斗,1
1981年女排夺得世界杯冠军次日，人民日报头版都是关于女排的新闻,1
评论员文章《学习女排，振兴中华》豪迈地写道：“用中国女排的这种精神去搞现代化建设，何愁现代化不能实现,1
”女排夺冠敲响了“团结起来，振兴中华”的战鼓，激发起一代代人滚烫的爱国热情，聚合起全国人民拥护改革、投身改革、建设国家的磅礴合力,1
女排精神植根于中华历史文化的沃土，女排的性格是中华民族性格的灿烂映射,1
世界历史上的四大文明古国中，一脉相承绵延至今的只有中国，5000年里数不尽的挫折，生成了中华民族永不低头的倔强、愈挫愈奋的耐力、从容应对的智慧,1
精神强大是民族复兴的开始，也是民族复兴的必然,1
30多年来，中国女排创造了“五连冠”的神话，9次获得世界冠军，显露出祖国至上、顽强拼搏、胜不骄败不馁的英者风范，成为中华民族历经苦难艰辛而重新屹立于世界民族之林的生动见证,1
女排姑娘们的勇毅和坚定，极大激扬了中国人的自豪、自尊和自信,1
“体育承载着国家强盛、民族振兴的梦想,1
”悬挂在国家体育总局一楼大厅里，激励每一位体育工作者为中国梦挺身而出、奋勇担当,1
体育强则国家强，国运兴则体育兴,1
实现中华民族伟大复兴中国梦的关键时期，前进道路上挑战和风险仍有许多，难以想象的惊涛骇浪也有可能出现，除了奋发图强、勇敢斗争，我们别无选择,1
发扬好女排精神，保持昂扬斗志和磐石般定力，我们一定能在新征程上赢得新胜利，拓展新境界,1
虽然轮休了部分主力，但强大的实力依旧确保中国女排3-0轻松击败肯尼亚,1
在赛后新闻发布会上，还发生了有趣的一幕：肯尼亚队主教练保罗・比托克主动向郎平求合影,1
在评论女排本场表现时，郎平首先谈了轮换思路,1
“今天我们给一些年轻队员上场机会，希望她们能够在大赛上积累经验,1
总体来说年轻队员在适应上还是慢了一点，到了第三局才找到一些节奏,1
”“对于这些年轻队员来说，她们在大赛上比较难去找状态，也希望她们能够多向主力队员学习,1
”“当然比赛挺轻松的，毕竟不是一个档次，但也需要我们年轻队员利用这个机会，上去拼一拼,1
”而关于下一阶段是否心态更轻松的问题，郎平如此回应：“我认为每一阶段都有很强的队伍，所以我们的准备应该是相同的,1
大阪的比赛会非常艰难，荷兰和塞尔维亚两个欧洲强队，我们要一如既往认真准备,1
”“一支球队能够受到这么多球迷的关注和支持，我觉得是很幸运的事情，不过我们真没有时间去读那么多（报道和评论），因为比赛一场接着一场，我们会尽全力准备，打好每一场比赛,1
”在球员一边，本届赛事首次首发出战的杨涵玉也很兴奋,1
“第一次首发，内心也是非常激动，感谢郎导给我这样的机会,1
今天自己的发挥没有想象中那么犀利，拦网也有点时好时坏，但郎导也给了我很大的鼓励,1
”“前几场比赛姐姐们打得都非常好，酣畅淋漓，我们在场边都很震撼,1
我们需要向她们学习的地方太多了，以后还要以她们为榜样去努力,1
”队员姚迪也表示：“我们一直都强调尊重对手，把每一个对手当作强敌去打,1
今天的比赛也是考验我们自己――减少自身的失误，锻炼我们技战术的配合,1
”“女排精神就是顽强拼搏，只要有希望就不会放弃,1
腾讯体育讯 北京时间9月24日，2019年国际排联女排世界杯在日本展开第八轮争夺，中国女排以3-0击败肯尼亚，豪取八连胜，继续高居积分榜首位，三局比分为25-12、25-12、25-14,1
本场比赛，朱婷进入14人名单但并未出场，龚翔宇得到全场最高的13分,2
比赛焦点1、朱婷虽然进入14人名单，但并未出场，李盈莹、张常宁和龚翔宇坐镇边攻,2
2、中国女排以3-0轻取肯尼亚，豪取八连胜，继续高居积分榜首位，而肯尼亚吞下八连败，而且一局未赢,1
战况回顾首局比赛，肯尼亚率先进攻出界，李盈莹发球直接得分，中国队以2-0取得领先,2
龚翔宇二号位打中，紧跟着自己发球得分，李盈莹后排防守起球，龚翔宇二号位下球，中国队6-3拉开比分,2
张常宁发球得手，中国女排以8-3领先,2
第一次技术暂停后，王媛媛拦网和探头球接连打成，中国女排10-3迫使肯尼亚叫了暂停,2
李盈莹后排起球，张常宁反击得手，李盈莹和龚翔宇的扣球接连打成，杨涵玉反击快攻命中，中国女排以16-6继续领跑,2
李盈莹一传连丢两分，肯尼亚将比分改写为10-17，郎平走到场边叮嘱李盈莹，但并没有做出换人调整,2
肯尼亚发球和进攻失误送分，张常宁短球扣中，肯尼亚扣球失误，中国队24-12获得局点，肯尼亚一传失误，中国女排以25-12先声夺人,2
第二局比赛，李盈莹一次攻得手，杨涵玉发球挂网，双方比分交替上升，4平后李盈莹四号位下球，龚翔宇二号位反击得分，李盈莹轻拍直线得手，杨涵玉和姚迪配合拦网建功，中国女排连得四分以8-4占先,2
技术暂停后，杨涵玉快攻被拦回，张常宁后攻解决问题，顽强的肯尼亚追至7-10，杨涵玉背飞打成，肯尼亚短平快扣下网，随后配合失误，中国队13-7拉开比分,2
肯尼亚一次攻很难下球，中国队连续抓反击，以16-8遥遥领先,2
杨涵玉的发球轮持续给对手施压，连丢两分的肯尼亚请求暂停，但杨涵玉发球再次得分，帮助球队以19-8领跑,2
王媛媛背飞打中，杨涵玉拦网建功，中国队24-11获得局点，肯尼亚发球下网，中国女排以25-12再下一城，局分2-0领先,2
第三局比赛，双方上来就是一次多回合，肯尼亚后攻得分，李盈莹四号位快抹得手，杨涵玉的发球轮再次破攻，肯尼亚2平后连续卡轮，张常宁反击小斜线打成，中国队7-2占先，肯尼亚触网失误，中国女排以8-3领先进入第一次技术暂停,2
随后的比赛，肯尼亚发球直接得分，王媛媛背快得手，张常宁的发球轮帮助球队以11-5继续扩大优势,2
李盈莹轻拍得手，张常宁后攻得分，李盈莹四号位暴扣命中，肯尼亚队一传失误，15-8刘晏含替换下龚翔宇，张常宁后攻得分，中国队以16-9占优,2
落后的肯尼亚不甘示弱，刘晏含连续不下球，肯尼亚连得两分，杨涵玉半高球得分，随后发球直接得分，肯尼亚请求暂停,2
刘晏含二号位打手出界，张常宁四号位反击下球，肯尼亚队扣球失误，中国队22-13领先,2
肯尼亚扣球失误，中国队24-13夺得赛点，随着杨涵玉拦网得分，中国队以25-14锁定胜局，局分3-0击败肯尼亚，取得八连胜,2
赛后声音中国女排主教练郎平赛后表示：“挺轻松的，毕竟不是一个档次，也希望年轻队员利用机会配一配，适应下场地,1
这个阵容来带两个年轻的副攻，她们（杨涵玉和王媛媛）前边没有打开，几场比赛没有出场，训练时间也没有更多保证，她们不在状态也很正常,1
”展望最后一个阶段，郎平说：“会非常艰难的，两个欧洲队荷兰和塞尔维亚，我们一如既往吧，认真准备,1
”首发打满全场的张常宁带领着年轻队员取得了胜利,1
赛后张常宁表示:“很高兴今天赢得比赛，我觉得我们还有很多技术环节需要加强，继续努力,1
”新秀副攻杨涵玉表示：“今天第一次打首发，内心很激动，今天进攻没有想象中犀利，拦网时好时坏不太稳定，郎导赛前给了我很多鼓励,1
下一站一定全力以赴对待,1
”技术统计中国女排两位选手得分上双，龚翔宇得到全场最高的13分，李盈莹得到11分，张常宁和杨涵玉8分，王媛媛得到7分,2
双方首发中国女排派出的首发阵容为主攻李盈莹、张常宁，副攻杨涵玉、王媛媛，二传姚迪，接应龚翔宇，自由人王梦洁肯尼亚女排派出的首发阵容为主攻莫伊姆、卡萨亚，副攻卡伊、穆库维拉尼，二传万亚，接应基普洛诺，自由人昆杜,2
下轮预告根据赛程女排，北京时间9月27日下午14:00，中国女排将迎战本届赛事第九个对手荷兰女排,1
为女排打CALL每一份付出，每一分胜出,1
拼搏的路，越走越强大,1
中国女排官方合作伙伴――太平洋保险邀您共同见证中国女排的每一个高光时刻,1
我们的目标是：升国旗、奏国歌,1
腾讯体育讯 北京时间9月23日，2019年国际排联女排世界杯第7轮在日本继续进行，中国女排以3-0击败美国女排，豪取七连胜的同时送给美国队首败，三局比分为25-16、25-17、25-22,1
本场比赛，朱婷得到全场最高的23分,1
截至目前，中国女排是唯一的不败球队，高居积分榜首位,1
比赛焦点1、中国女排3-0战胜美国豪取七连胜，并且送给美国队首败,1
2、中国女排是本届世界杯12支队伍中唯一保持不败的球队，目前高居积分榜首位,1
3、明天中国女排将与肯尼亚队交锋，后者竞争力有限，朱婷和颜妮等主力有望得到休整机会,1
战况回顾首局比赛，双方打得都比较耐心，中国队率先依靠拦网得分，美国队也毫不示弱，尽管朱婷在后排漂亮的倒地摔救防守起球，但龚翔宇的暴露性强攻被拦死，两队战成4平,2
袁心h吊球得手，张常宁发球直接得分，帮助球队以6-4取得领先,2
朱婷反击出界，张常宁进攻得手，中国女排以8-6占先,2
第一次技术暂停后，颜妮拦死了罗宾逊的后攻，王梦洁后排起球，朱婷轻拍直线得手，中国女排以10-6迫使美国队请求暂停,2
朱婷扣斜线命中，中国队以12-7迫使基拉里再叫暂停,2
张常宁拦网得分，中国女排以16-9扩大战果,2
袁心h反击快攻打成，龚翔宇发球美国队送探头，张常宁直接打中，罗宾逊四号位强攻打中，艰难渡过这一轮,2
落后的美国队采取两点换三点战术，卡里尼和洛维替补登场，朱婷冲进扣球得分，中国女排以19-11继续领跑,2
袁心h发球擦网后落在美国队场地，洛维二号位强攻打手出界，朱婷第一板没有打死，她跑动起来冲进扣球得分，中国队23-15领跑,2
拉尔森发球失误，颜妮发球直接得分，中国女排以25-16拔得头筹,2
第二局比赛，中国队先发不变，洛维顶替德鲁斯出任接应位置,2
张常宁拉高点扣球打手出界，帮助球队开局以3-1抢得先机,2
奥格博古发球挂网，洛维进攻出界美国队挑战鹰眼失败，袁心h背垫传球，丁霞二号位打手出界，华盛顿发球失误，中国队以8-6领先,2
丁霞发球直接得分，然而颜妮二号位吊球被拦死，美国队迫近至8-9,2
朱婷虽然进攻没有打死，但拦死了洛维的反击，帮助球队以10-8稳住阵脚,2
洛维二号位反击下球，美国队顽强追至10平,2
中国队有效拦网，龚翔宇反击下球，中国女排12-10领先,2
希尔替换奥格博古发球，美国队触网失误，张常宁四号位下球，中国队以14-12继续占优,2
美国队进攻失误，郎平挑战鹰眼成功，张常宁后排防守起球，朱婷四号位大力扣杀得分，中国女排以16-12拉开比分,2
罗宾逊扣大斜线直接界外，朱婷拦网得分，中国女排以18-12迫使基拉里请求暂停,2
罗宾逊发球下网，袁心h防守起球，朱婷反击得分，中国队以20-13扩大战果,2
多球来回朱婷和颜妮配合双人拦网得分，中国女排以22-14占据主动,2
拉尔森小斜线打出界外，但随后她在网口争夺拿下一分，龚翔宇一传直接接飞，美国队迫近至16-23，朱婷四号位小斜线命中，帮助球队以24-16拿到局点，随着龚翔宇二直线打中，中国女排以25-17再下一城，局分2-0领先,2
第三局比赛，美国队变阵，巴奇顶替罗宾逊与拉尔森搭档主攻，接应依旧是洛维，自由人是奥兰特斯-王,2
开局，美国队以2-0抢占先机，中国队很快扳平比分，此后两队比分交替上升，袁心h高点背飞打中，紧跟着发球直接得分，中国女排以8-7领先,2
袁心h发球再次破攻，朱婷反击得分，朱婷在二号位拦死了洛维的扣球，中国队以10-7拉开比分,2
洛维推攻下网失误，朱婷再次拦死洛维扣球，帮助球队以12-7扩大战果，德鲁斯替换下洛维重新登场，美国队追至11-14，朱婷后攻打成，龚翔宇直线扣中，中国队16-12领跑,2
接下来，美国队表现非常顽强，袁心h拦网得分，帮助球队以18-14领先,2
朱婷四号位扣中，龚翔宇跑动加塞打成，龚翔宇二号位失误，美国队迫近至19-21,2
颜妮短平快得手，袁心h拦网得分，中国女排22-19领跑,2
基拉里暂停后美国队连追两分，以21-22只落后一分,2
袁心h高点快球命中，朱婷反击后攻得手，中国女排以24-21拿到赛点，巴奇进攻得手，随着张常宁在半到位的情况下强攻打中，中国队以25-22胜出，局分3-0击败美国队取得七连胜，而美国队遭遇首败,2
赛后声音中国女排主教练郎平赛后表示：“我觉得还不错，按我们的计划打，准备得比较充分,1
有几个球打得挺精彩的，也可以欣赏一下,1
我们做了五局的准备，做了0-2落后的准备，球员的发挥不仅仅决定于自己，还要看对方给你的压力，我们抱着每球必争，无论结果怎么样，用最好的表现去拼搏,1
”技术方面，郎平表示：“发球给大家提的是要有使命感，发球为你的队友拦防创造机会，不能说自己怕失误就保守了，每个人要冲击对手,1
拦网我们做了很多快速移动的训练，美国队一传不到位，速度加不起来，今天我们的防守也非常好,1
”随后郎平表示：“我们在每个环节都做到了，上次在江门输了之后，做了很多研究，看到自己的不足，做了很多功课，还是要一场一场去拼，遇到困难的时候心里要定,1
”技术统计本场比赛，中国女排三位选手得分上双，朱婷得到全场最高的23分，张常宁贡献19分，袁心h得到10分，龚翔宇和颜妮都拿到6分,2
美国队洛维10分，拉尔森9分，德鲁斯6分，罗宾逊和奥格博古5分,2
双方首发中国女排派出的首发阵容为主攻朱婷、张常宁，副攻颜妮、袁心h，二传丁霞，接应龚翔宇，自由人王梦洁,1
美国女排派出的首发阵容为主攻罗宾逊、拉尔森，副攻奥格博古、华盛顿，二传波尔特，接应德鲁斯，自由人考特尼,1
下轮预告根据赛程安排，北京时间9月24日下午14:00，中国女排将迎战本届世界杯第八个对手肯尼亚队,1
为女排打CALL每一份付出，每一分胜出,1
拼搏的路，越走越强大,1
中国女排官方合作伙伴――太平洋保险邀您共同见证中国女排的每一个高光时刻,1
我们的目标是：升国旗、奏国歌,1
女排如愿迎来了一场胜利，但过程却让中国观众惊出冷汗,1
9月22日晚对阵巴西，中国女排在先胜一局的情况下连丢两局，最后在1比2落后的情况下惊险完成逆转,1
对于中国女排来说，3比2的比分虽然拿下了胜利，但却让球队在小分上的优势有所缩小,1
不过，这样一场险胜也并非没有积极意义――在即将迎来和美国女排之间的大战之前，这场比赛足以给中国队上下敲响警钟,1
局势危急，郎平站起来了在第一阶段的头五场比赛中，一路零封对手的中国女排并没有在球场上遇到太多挑战,1
即便面对实力较强的俄罗斯女排，球队也没有丢掉任何一局就拿下胜利,1
球队势如破竹，主教练郎平也在场边非常镇静，大部分时间都是安坐教练席，很少站起来跟场上比赛的球员说上几句,1
此番对阵巴西女排，中国女排遭遇了本届世界杯最严峻的挑战,1
尤其是第三局在开局领先的情况，被对手后来居上取得2比1领先，这无疑是球队在本届赛事中最危急的时刻,2
眼看球队被逼到悬崖边，郎平也坐不住了，开始站在场边一直“监督”球队的发挥，随时喊话指挥场上球员,1
本场比赛五个小局，郎平一共使用了三套开局阵容，前两局是朱婷、张常宁、袁心h、颜妮、龚翔宇、丁霞、王梦洁，第三局把龚翔宇替换成了李盈莹，第四和第五局则是把开场首发中的张常宁替换成了李盈莹,2
这样的调整，和第三局张常宁在接应位置上效果一般有关系，也体现出了郎平快速的临场应变――此前在第一阶段对阵两个较强对手俄罗斯和日本队的时候，中国队都是全场一套阵容就打完了比赛,2
此外，中国队本场比赛还进行了7次局中的换人调整，同样是本届世界杯至今最多的,1
积极进行阵容调整，最终也带来了胜利，正如郎平在赛后所说，“我们必须根据临场情况去尝试不同的阵容，不同的配备，我们也应该通过这个比赛来锻炼我们的队伍,1
”小将上场，迎接重压磨砺从关键的第三局到最后赢下比赛，郎平都把年仅19岁的李盈莹放在了场上，给予了这名小将莫大的信任,1
最终这名新星交出的数据并不算惊艳：12扣2中，外加1次拦网拿下3分，不过即便如此，郎平还是愿意给予李盈莹更多的考验,2
事实上，相比在里约奥运会周期先后涌现的“朱袁张”（朱婷、袁心h、张常宁）以及龚翔宇，中国女排在东京奥运周期收获的潜力新星似乎没有那么多，最受关注的就是主攻李盈莹,1
这名小将一直得到中国女排教练组和外界的期待，去年世锦赛期间，郎平就带上了李盈莹，并且让后者以“奇兵”的身份有了不少发挥的时间,1
在对阵巴西之前的五场比赛之中，李盈莹已经出战了三场，包括对阵韩国时的最后一局替补，以及对阵喀麦隆和多米尼加两场的首发,1
但在世界杯重要比赛的关键时刻披挂上阵，这还是李盈莹职业生涯的第一次，即便没有成为一锤定音的那一个，这样的重压考验依然将是一笔宝贵的财富,1
赛后郎平也对李盈莹的表现做了点评，认为其在一传方面的发挥不错，“希望她能在更多的硬仗当中得到锻炼,1
”逆转取胜，最好的“热身”在中国队战胜巴西队之后，美国队在当晚迎来了和日本队的比赛，如果美国队能够3比1或者3比0击败日本队，就能够在同样6胜0负的情况下，以小分优势超过中国队成为积分榜第一,1
世界杯比赛的严酷，由此可见一斑，不过虽然很有可能在22日结束后小分暂时落后，中国女排仍然有再夺榜首的机会,1
23日下午，中国女排就要和美国女排直接对话，哪一支球队能够赢下这场“天王山之战”，就能够在接下来的争冠之路上占得先机,1
赢下巴西后，郎平表示，对美国的比赛并非冠军决定战，之后的每场比赛都将是硬仗,1
即便如此，想要完成卫冕，赢下美国仍将是球队必须跨过的最重要一关,1
从这个角度来说，在对阵巴西的比赛中遭遇被逼到悬崖边的窘境，对于中国女排来说也并非坏事,1
经过了相对顺利的第一阶段，一场险胜能够立刻把球队的精神状态调动起来，对接下来的苦战做好心理准备,1
本场和朱婷一样砍下26分的袁心h也在接受赛后采访时坦言，平常训练的时候会去模拟比赛时候的心理感觉，“但到了赛场还是要看临场发挥,1
”在巴西女排面前惊出冷汗后，相信球队将会以最好的状态准备和美国队的交锋,1
腾讯体育讯北京时间9月22日，2019年国际排联女排世界杯第6轮在日本展开，中国女排苦战五局以3-2险胜劲敌巴西女排，取得六连胜，五局比分为25-23、23-25、22-25、25-19、15-9,1
朱婷和袁心h都拿到26分，并列成为得分王,1
比赛焦点1、中国女排在丢掉本届赛事首局后不断变阵，张常宁和龚翔宇扛起接应位置，最终球队苦战五局以3-2险胜巴西，夺得六连胜，继续保持不败,1
2、中国女排遭遇开赛以来的最大挑战，虽然丢掉两局，但队员最终找到克敌办法，也为明天与美国队的硬仗无论是心态还是技术上都打下一定基础,1
3、战胜巴西队后，本届赛事形势更加明朗，明天的中美之战很有可能决定冠军归属,1
战况回顾首局比赛，朱婷四号位重扣拿下本场比赛第一分，龚翔宇拦网得分，中国队3-1抢得先机，袁心h快攻命中，龚翔宇发球直接得分，张常宁打手出界，朱婷扣球没有打死，加比反击得分，巴西追至5-6，袁心h背飞得手，颜妮拦死加比强攻，中国女排以8-5领先,2
第一次技术暂停后，龚翔宇吊球出其不意，颜妮快球得手，巴西队触网违例，龚翔宇拦死德鲁西拉的扣球，中国女排13-8迫使吉马良斯请求暂停,2
马拉发球界外，10-15时谢拉和罗伯塔两点换三点登场，巴西队抓住一次反击，可惜罗伯塔发球挂网，中国队以16-11领跑,2
谢拉二号位下球，朱婷四号位连得两分，中国女排以19-14迫使巴西再叫暂停,2
19-15后中国女排连续三次上演精彩防守，但最终加比反击得手，朱婷四号位得分稳住阵脚，张常宁四号位界外，巴西追至18-20，郎平叫了暂停,2
龚翔宇二号位小斜线失误，双方只有一分之差,2
颜妮短平快打中，龚翔宇一传到位，袁心h短平快得手，22-21时姚迪和曾春蕾上场，德鲁西拉调整攻界外，袁心h拦网得分，帮助球队24-21拿到局点，朱婷没有打死，加比反击得分，巴西追至23-24，郎平再叫暂停，经过三次进攻后，袁心h快球打中，中国女排25-23先声夺人,2
第二局比赛，比亚拦死袁心h，她的快攻也直接得分，巴西队开局紧咬住比分，袁心h被拦后背飞吊球得手，张常宁一传送探头，巴西以7-5反超,2
朱婷四号位打手出界，洛伦内二号位下球，巴西队以8-6领先,2
技术暂停后，朱婷扣球打手出界，加比进攻活跃成功率极高，德鲁西拉扣直线失误，双方战成10平,2
洛伦内二号位界外，张常宁拦死比亚的快攻，朱婷无攻击垫过网巴西让球失误，11-13吉马良斯叫暂停，他对队员的表现表示不满，罕见发飙,2
张常宁一传接飞，巴西队顽强追至14平,2
加比反击得分，紧跟着开网斜线命中，巴西以16-15再次领跑,2
张常宁抓反击帮助球队17-16领先，朱婷一传失误，巴西18-17再次领先，郎平请求暂停,2
张常宁和袁心h巧打得分，中国队紧咬至19平,2
20-19后谢拉和罗伯塔上场，中国队同样是两点换三点，曾春蕾和姚迪亮相,2
袁心h拦网建功，朱婷两次扣球没有打死，加比反击下球，巴西22-20领先,2
曾春蕾得分，颜妮探头命中，中国追成22平,2
朱婷被马拉拦死，巴西24-22拿到局点，加比得分，巴西女排以25-23扳回一城，这是中国女排在本届赛事丢的第一局,2
第三局比赛，中国女排变阵，张常宁回到接应位置，朱婷和李盈莹联袂主攻,2
李盈莹和张常宁进攻打成，中国队开局4-2取得领先,2
朱婷后攻吊球得手，袁心h凭借高度探头球打成，颜妮短平快打中，朱婷冲进扣球得分，中国女排以8-5领先,2
张常宁和李盈莹接发球让球失误，朱婷二号位压线，洛伦内扣斜线出界，中国女排11-8拉开比分,2
丁霞吊球得手，中国队13-9领跑,2
然而朱婷后排和冲进两次被拦死，巴西追至13-14，袁心h和朱婷接连得分，中国女排以16-13稳住阵脚,2
朱婷拐二直线得手，罗伯塔传球违例，中国队将分差拉开至五分,2
张常宁四号位被拦死，马克里斯发球滚网后得分，巴西追至17-19，朱婷二号位扣出界外，张常宁被拦死，巴西队追至20平，张常宁拦网得分，帮助球队以21-20再次领跑,2
袁心h短平快得手，李盈莹扣球弹网后出界，巴西队以23-22反超,2
姚迪和龚翔宇两点换三点登场，龚翔宇一传失误，巴西女排以24-22拿到局点，郎平请求暂停,2
李盈莹一传失误，巴西女排以25-22逆转胜出，局分2-1领先,2
第四局比赛，中国队再次变阵，龚翔宇顶替张常宁出任接应，主攻依旧是朱婷和李盈莹,2
开局袁心h拦网建功，中国队以3-1抢得先机,2
袁心h和颜妮的快球接连得手，中国队保持住优势，以8-5暂时领先,2
李盈莹小斜线下球，袁心h反击短平快得手，朱婷后排进攻得手，中国女排以13-9领先,2
袁心h虽然第一板没有打死，但网口争夺得分，朱婷四号位吊球得分，谢拉二号位变线失误，中国女排以16-11领先五分,2
此后，中国女排多点开花，23-16遥遥领先，虽然巴西顽强抵抗，随着袁心h背快打中，中国女排以25-19拿下,2
第五局比赛，朱婷打后排得分，龚翔宇二号位反击下球，中国队2-0领先,2
袁心h拉三战术失误，巴西队追至3平,2
袁心h拦死德鲁西拉，以5-3领跑,2
朱婷连续两板没有打死，加比进攻出界，中国队以8-5领先交换场地,2
易边再战，中国女排继续在网口给对手施压，朱婷和袁心h的进攻接连打成，帮助球队拿到赛点，关键时刻，加比强攻打出界外，中国女排以15-9锁定胜局，局分3-2险胜巴西，取得六连胜,2
赛后声音中国女排主教练郎平表示：“我觉得今天打得应变能力差了一些，特别是第三局，自己失误太多了，当你发球发不住对方的时候，发球和扣球失误全来了，让有利的局面变成了不利，第四局还是不错的，大家没有受到影响，大家调整心情，把接下来的球打好,1
”此外郎平表示：“准备会做了准备，甚至0-2落后等，遇到困难很正常，大家不要去想，马上去想进攻和拦防节奏，要拼防守，巴西防守太精彩了，我们防守还不够,1
”第二局和第三局中国女排都是领先被逆转，郎平解读说：“我们在个别轮次有起伏，进攻打不下去的时候，对方的反击造成我们的拦防失误，防不起来，本来领先没有几分，瞬间的变化很快的,1
”第三局和第四局，中国女排连续变阵，取得成效，郎平表示：“根据临场情况尝试不同的阵容，不同的配备，这次比赛也是锻炼我们的队伍,1
”技术统计中国女排三位选手得分上双，朱婷和袁心h拿到26分，并列成为得分王，张常宁得到13分，龚翔宇和颜妮拿到9分，丁霞贡献4分，李盈莹3分,2
巴西队加比20分，马拉17分，洛伦内16分，德鲁西拉12分,2
双方首发中国女排派出的首发阵容为主攻朱婷、张常宁，副攻颜妮、袁心h，二传丁霞，接应龚翔宇，自由人王梦洁,1
巴西女排派出的首发阵容为主攻加比、德鲁西拉，副攻比亚、马拉，二传马克里斯，接应洛伦内，自由人雷亚,1
下轮预告根据赛程安排，北京时间9月23日下午14:00，中国女排将迎战劲敌美国队，这场比赛的胜负很有可能决定本届赛事冠军的归属，也被很多专家和球迷称为“提前进行的决赛”,1
为女排打CALL每一份付出，每一分胜出,1
拼搏的路，越走越强大,1
中国女排官方合作伙伴――太平洋保险邀您共同见证中国女排的每一个高光时刻,1
我们的目标是：升国旗、奏国歌,1
撰文/叶珠峰9月19日在女排世界杯横滨站击败日本队后，中国女排迎来了多位重量级贵宾,1
许多照片从网络中流传出来，中国女排全队在郎平的带领下与香港影帝、影后――梁朝伟、刘嘉玲夫妇合影留念,1
此外，站在合影中C位的是香港爱国企业家吕志和,1
郎平带领中国女排全队与刘嘉玲梁朝伟夫妇合影，中间的老人是香港企业家吕志和女排队员在横滨站取得五连胜，见到了传说中的香港“影帝”都非常开心，纷纷求到了合影，晒到朋友圈,1
据一些女排队员说，现实中的梁朝伟比较腼腆，也没什么架子，还是很兴致勃勃地与部分女排队员做了交流,1
梁朝伟表示，自己原来一直都是看电视为女排加油，这次是第一次到现场,1
他向女排队员问起：“为什么你们打排球的技术这么厉害,1
”问的时候自己还有模有样地做起了扣球、防守的动作,1
有女排队员被逗乐了，说：“我们每天都在训练，就像你拍戏一样，你不是也每天拍戏吗,1
”而刘嘉玲先是向中国女排取胜表示祝贺，还说能够现场看到一场中国女排的胜利非常开心,1
女排的成绩和形象都非常好，一直是国人的骄傲,1
梁朝伟与刘嘉玲首次现场看球遇到女排取胜梁朝伟和刘嘉玲夫妇，为什么这次“突然”会一起来日本横滨看球,1
这背后，有一位“中间人”设局，他的名字叫廖为兴,1
腾讯体育曾在今年世界联赛香港站的时候与其相识，他在香港一家外资银行担任高管，从小打排球，曾在郎平首次执教国家队的时候参与过女排的训练,1
他表示，郎平与他自己是亦师亦友的关系,1
刘嘉玲夫妇与友人廖为兴一起看球廖为兴是香港金融精英，在中国两岸三地人脉厚码头熟，交际能力超强,1
他不但拉来了梁朝伟刘嘉玲两口子，这次连香港顶级富豪吕志和都拉过来，其人脉网和“面子”可见一斑,1
延伸阅读：据悉，梁朝伟和刘嘉玲平时各自的工作都很忙，两人很少一起出席活动，所以这次两人能同时现身观看体育比赛，是一件非常难得的事情,1
同时，这也是两口子第一次一起现场观看女排比赛,1
在香港，中国女排的球员、郎导都很受名流的欢迎,1
女排年年在香港打比赛，香港很多娱乐圈艺人也以观看女排，和女排交朋友为荣,1
刘嘉玲、郎平、梁朝伟与廖为兴坊间曾经有个段子，说梁朝伟有时候觉得无聊，会突然买张机票跑到伦敦的广场去喂鸽子，然后当做什么事都没有发生过一样就回到香港,1
梁朝伟后来曾经专门辟过谣，但他也表示，自己去纽约的次数更多,1
有女排队员跟梁朝伟聊天后表示，真的相信他是一个会自己去喂鸽子的人,1
而这一次来日本横滨看女排比赛，则不是梁朝伟的“即兴之旅”,1
事实上，今年6月女排在香港比赛时，廖为兴就曾经邀请刘嘉玲来看女排，但是当时刘嘉玲工作很忙，遗憾没有成行，所以约好安排了这次“跟着女排来旅行”,1
廖为兴表示，一个多月前就和刘嘉玲和梁朝伟约好来日本为郎平和中国女排加油,1
廖为兴与刘嘉玲据悉，梁朝伟刘嘉玲仅仅在横滨看了一场中日对决，并不会随队前往札幌继续观赛，而是在东京小作停留便返回香港,1
待到中国女排回到大阪的时候，夫妇二人会根据工作情况考虑再度从香港返回日本,1
至于梁朝伟与刘嘉玲的体育情缘,1
去年5月，梁朝伟参加了在香港维多利亚港举行的春季帆船比赛,1
虽然只是第一次参赛，但梁朝伟就取得了亚军成绩,1
梁朝伟当时对香港媒体透露，他自己从小就对帆船情有独钟，而且对帆船是“一试钟情”,1
梁朝伟还表示，自己并不在乎成绩，就是想和一班志同道合的选手比拼，并且还可以同一帮好友聚会,1
某种意义上，帆船之于梁朝伟相当于高尔夫球，是一个名流社交的“工具”,1
梁朝伟曾经在帆船比赛中获得亚军而刘嘉玲在工作之余，最喜欢去登山,1
近年来，刘嘉玲经常在社交媒体上晒出自己爬山的照片,1
在她看来，除了为身体健康锻炼之外，还可以到户外吸收新鲜空气，放松心情,1
至于夫妻两人都喜欢从事的运动，则是滑雪,1
据悉梁朝伟和刘嘉玲喜欢一起去日本北海道滑雪,1
众所周知，梁朝伟滑雪水平高超，单板滑雪也非常在行,1
刘嘉玲第一次与郎平相识 在《最强大脑》节目据悉，刘嘉玲有一位朋友同时也是郎平的密友，两位女性最初相识，是因为曾经一同录制综艺《最强大脑》,1
2017年1月，刘嘉玲与郎平一起录制综艺节目《最强大脑》,1
刘嘉玲穿着简约的职业女性装，郎平则穿礼服长裙与其一起合影,1
当天，和郎平一起出现在评审席上的，还有围棋国手柯洁,1
刘嘉玲与郎平一起录制综艺节目当时，“阿尔法狗”狂虐围棋高手一事成为热点，《最强大脑》与某搜索公司联合推出了一款人工智能机器人，在节目中与人类选手过招,1
郎平等评审的主要任务，是在过招前先为选手的任务打预判分,1
当年《最强大脑》开播后，体育圈的明星教练一直是其座上宾，羽毛球队总教练李永波曾充当前两季的固定评审，乒乓球队总教练刘国梁则坐到了评审席上,1
香港顶级富豪站在C位 赞助比赛连续15年为女排提供酒店至于站在C位的那个老人，他是香港顶级富豪吕志和，今年已经91岁了,1
他纵横商海70多年，财富地位可以称得上与李嘉诚齐名,1
站在中间的老人是香港顶级首富吕志和此前据媒体报道，上世纪30年代，5岁的吕志和随父母从家乡广东江门移居香港,1
出身富裕家庭的他衣食无忧，但这样的时光并没有持续太久,1
在吕志和刚上初中一年级，香港就被日军攻陷，吕志和因此失学,1
吕志和曾表示，“想起一些旧事，所以我的心情非常激动,1
小的时候我看到的‘国家’是贫穷、落后、苦难、屈辱的……”抗日战争期间，吕志和父亲的制衣生意大受打击,1
小小年纪的吕志和便自己动手制作糕点拿到街边摆卖维持生计,1
13岁时候，吕志和初次创业就赚来人生第一桶金――一箱二战时期日军在香港发行的军票,1
当时1元军票兑换4港元，就够买一条街,1
不过二战结束，军票作废，吕志和的财富瞬间蒸发，但他没有气馁，而是选择重新出发,1
1955年，吕志和创立嘉华集团，从采矿业起步，迄今业务已遍及建材、地产、酒店和娱乐休闲等多个领域,1
中国改革开放后，吕志和作为最早的一批投资者来内地投资,1
他捐资建设了北京人民大会堂的香港厅，还曾分别为北大、清华建设“吕志和楼”，复旦大学主楼的会议厅，南京大学的游泳馆……此外，他还在中国内地累计支持兴建了上百所希望小学、中学,1
吕志和吕志和一直都关注和喜欢中国女排，他旗下的银娱连续15年冠名赞助世界女排大奖赛，“澳门银河 ”也是连续四年成为大会的指定酒店，为参赛队伍提供优越条件的住宿,1
值得一提的是，吕志和很喜欢梁朝伟的演技，酒店开业后请梁朝伟当形象代言人,1
世界顶级球队，世界顶级教练，世界顶级富豪的聚会，无疑是一场英雄识英雄的聚会,1
王凡/夏欣怡9月19日，东京奥运会沙滩排球世界资格赛继续在山东海阳进行,1
中国女子沙排组合一天连续击败2019欧锦赛冠军拉脱维亚，和2018欧锦赛冠军荷兰队，昂首挺进小组赛第三阶段,1
此前中国组合王凡和夏欣怡以一胜一负的成绩晋级小组赛第二轮,1
19日上午面对2019年欧锦赛冠军拉脱维亚队，中国队无论在排名还是过往战绩上都落入下风,1
而中国队在首局22比20艰难取胜后，也被对手以21比18扳平比赛,2
关键决胜局，15分制的比赛，双方一直打到26平后才分出胜负,2
王凡在最后阶段的强势拦网，帮助中国队以28比26锁定胜局，第一次击败对手，拿下胜利,2
19日下午中国女队迎来小组赛第2个对手荷兰队,1
对手是2018年欧锦赛冠军,1
面对同样实力强劲的对手，中国女队充分发挥自身优势,1
王凡在网前的拦截让对手重炮哑火，夏欣怡救险得分的能力，也让现场观众大呼过瘾,1
最终中国组合以21比19和21比18战胜荷兰队，以全胜战绩挺进小组赛第三阶段,2
中国队与荷兰队鏖战回顾比赛，王凡坦言击败拉脱维亚的比赛，让她感觉非常过瘾,1
“这是我们第一次赢拉脱维亚队，”王凡说，“我们刚刚在维也纳站交过手，也是打了3局，决胜局我们大比分输了,1
”从维也纳到海阳，中国组合和教练一直在琢磨之前的失利,1
“这次我们在比赛前和教练开了很长时间的会,1
总结了教训，上次比赛，我们特别想赢，结果出来很多失误,1
这次的战术就是要稳住，让对手失误,1
与拉脱维亚的比赛中，中国队在决胜局的拼搏，一度让现场观众连呼心脏受不了,1
队员身上背负的压力可见一斑,1
尤其是中国队一度拿到赛点，夏欣怡却出现失误，错失锁定胜利的机会，也让观众们一度产生要输球的错觉,1
对此王凡表示，其实从那个球开始，胜势已经倒向中国队这边,1
“之前我们都很难保住各自的发球分，但是随着我们可以在网前，在拦防做的更好，就给了对手更多的压力,1
最终也成就了我们的胜利,1
经历一个中午的休整，中国女子沙排搭档在下午又迎来2018年欧锦赛冠军荷兰队,1
王凡赛后表示，两队之前交过手，这次也是抑制住了荷兰队的特点,1
“她们的球速快，如果单靠豆豆（夏欣怡）防守，会有很大的难度，教练也希望我用拦网先抑制住对方的进攻，迫使她们打不擅长的手法，这样豆豆就有机会得分了,1
”王凡和夏欣怡是东京奥运会周期开始搭档，经过一年来的磨合，王凡叫夏欣怡“豆豆”，夏欣怡则称呼王凡“凡姐”,1
随着两人在亚运会为中国卫冕女子沙排冠军，也在慢慢建立起默契,1
“凡姐今天在拦网第一道防线上已经非常出色了，基本上有难度的重扣都拦住了，给我减轻了很多困难,1
”夏欣怡在战胜荷兰队后表示,1
而王凡也认为，两人的默契正在磨合成型,1
“这两场比赛能拿下，我觉得是胜在心态,1
尤其第一场，如果我们出现急躁的心态，就完成不了这样的目标，也不能第一次战胜拉脱维亚,1
”王凡表示，她们如今的胜利，也是之前的输球给了她们教训,1
“我们之前的配合还不算完善，出现了问题，就带着搭档一起着急,1
教练后来要求，我出现问题，她要稳一稳，她出现问题，我要稳下来,1
算是一种积累,1
出现这样的问题多了，积累的经验也多了,1
”王凡/夏欣怡与教练缪志红在点评这对新组合，教练缪志红坦言，两人这个赛季是越打越好,1
“之前肯定在经验方面偏嫩一些，尤其和这些对手相比，从排名到参加过大赛的经验，都差一些，现在我们通过以赛带练的方式，在比赛中加深体会，进步的就更快一些,1
”接下来面对小组赛最后一轮，缪志红表示，只要两人心态不动摇，就有机会,1
“这次奥运会资格赛，每场球我们都非常重视,1
我们的排名虽然低，其实也有的一拼,1
所以每场球都要摆正自己的位置，多分析对手，一定要想办法冲出来,1
”缪志红说,1
中国女队将先后迎来西班牙和波兰队的挑战，比赛将在9月20日继续进行,1
腾讯体育讯北京时间9月19日，2019年国际排联女排世界杯在日本继续第五轮争夺，中国女排以3-0击败东道主日本女排，取得五连胜，以局分优势力压美国队暂居榜首，三局比分为25-17、25-10、25-17,1
本场比赛，朱婷得到14分，张常宁砍下全场最高的19分,2
比赛焦点1、第二局，张常宁发球多次直接得分，直接将日本女排发崩溃，中国队打出了25-10的悬殊比分,2
杨涵玉和刘晏含本场轮休,1
2、中国女排以3-0战胜日本，五战全胜而且不失一局，以局分优势力压同为五连胜的美国队，暂居积分榜首位,1
3、中国女排在横滨保持不败，接下来将转战札幌，休息两天后分别迎战巴西、美国和肯尼亚，与美国队一役很有可能决定冠军走向,1
战况回顾首局比赛，朱婷第一次重扣没有打死，日本队四号位反击得手，1-2后朱婷扣球罕见失误，日本女排开局以3-1占先,2
颜妮拦死古贺纱理那后攻，3平后龚翔宇一传送探头，张常宁后排进攻踩线违例，中国队3-6落后，朱婷发球直接得分，张常宁拦死荒木绘里香背飞，但后者再打背飞得手，日本队8-7占先,2
张常宁四号位斜线扣中，紧跟着发球得分，中国女排10-9反超,2
朱婷四号位势如破竹，连续下球，颜妮拦死石井优希扣球，帮助球队13-10拉开比分,2
张常宁反击被拦死，但朱婷扣球再次建功，颜妮拦网得手，中国女排以16-12继续领跑,2
郎平在技术暂停时强调队员要注意日本队吊球,2
颜妮短平快得手，朱婷发球直接得分，中国女排18-12迫使中田久美请求暂停,2
龚翔宇二号位直线反击下球，颜妮拦网再得一分，落后8分的日本队再叫暂停,2
张常宁冲进短球命中，两点换三点登场的锅谷友理枝四号位下球，日本队才艰难渡轮,2
龚翔宇二号位在后仰的情况下扣球得分，张常宁跑动加塞战术得手，袁心h二号位单脚背飞打中，帮助球队以24-17获得局点，随着朱婷和袁心h配合双人拦网得分，中国女排以25-17先声夺人,2
第二局比赛，2平后朱婷反击得手，石井优希扣球界外，中国队4-2占先,2
丁霞发球直接得分，颜妮和龚翔宇配合拦网建功，中田久美请求暂停,2
古贺纱理那后攻出界，颜妮反击快球得手，中国女排以8-2拉开比分,2
龚翔宇拦死石井优希的扣球，连丢八分的日本队采取两点换三点战术，颜妮拦网触网违例，日本队才侥幸渡轮,2
张常宁一传接飞，但她四号位斜线打中，袁心h拦死岩坂名奈快攻，5-13落后日本再叫暂停,2
张常宁四号位长线扣中，中国女排16-7扩大战果,2
张常宁发球接连拿到两分，朱婷四号位反击得手，中国女排20-7遥遥领先,2
张常宁发球连续得分，颜妮拦网建功，中国队23-7领跑,2
袁心h背飞第二次出手打成，颜妮开网短平快得手，中国女排以25-10再下一城,2
第三局，00后小将石川真佑顶替古贺纱理那与石井优希搭档主攻线,2
1-2后颜妮短平快得手，龚翔宇二号位反击命中，荒木绘里香快攻违例，朱婷四号位反击得手，中国女排6-2迫使日本队请求暂停,2
张常宁四号位大斜线打中，中国女排8-4领先进入第一次技术暂停,2
日本队罕见拦网得分，但袁心h反击快攻命中，帮助球队10-6领跑,2
袁心h和颜妮的快攻接连打成，中国女排14-9继续领跑,2
龚翔宇二号位一对一打成，颜妮反击快球命中，中国女排以16-10扩大战果,2
接下来，张常宁四号位连续下球，中国女排19-12领先,2
袁心h反击背飞接连拿到两分，颜妮短平快打回手线成功，中国女排以24-15拿到赛点，随着颜妮快球打成，中国女排以25-17锁定胜局，局分3-0横扫日本女排，取得五连胜,2
赛后声音中国女排主教练郎平赛后表示：“这场比赛我们很注重一传，如果到位率高的话，在网上可以发挥更大的优势，日本队防守很好，我们打快的话应该更简单一点,1
”对于直落三局横扫，郎平坦言：“我们今天准备了很多困难，日本队有出色的防守，另外东道主球迷很热烈，我告诉队员在打得纠结的时候要安静，专注于比赛,1
”横滨站五战全胜，明天中国女排将奔赴札幌迎接巴西、美国和肯尼亚队，郎平认为：“（这一站）我们基本发挥出了水平，真正的考验还在后面，明天过去后马上备战，全力以赴吧,1
”丁霞点评本场比赛说：“今天的比赛大家在拦网做得不错，大家憋着一股劲，打好与日本队的比赛,1
今天自己传得还行，后排保障比较好，副攻进攻也多一些,1
”对于获胜的关键，丁霞总结说：“我们发球做得比较好，对方没有形成快速多变的战术，没有给我们的拦网制造太多压力，第二局对手很犹豫，我们趁机打出一些自己的东西，每个点都打开了，让对方的拦防有一些困难，这一站发挥得比较正常，后面的比赛还需要一场一场去拼，要把教练安排的东西在场上发挥出来,1
”技术统计本场比赛，丁霞盘活了全队进攻，中国女排五位选手得分上双，张常宁得到全场最高的19分，朱婷得到14分，袁心h13分，龚翔宇12分，颜妮得到11分,2
日本女排无人得分上双，新锅理沙拿到全队最高的8分,2
双方首发中国女排派出的首发阵容为主攻朱婷、张常宁，副攻颜妮、袁心h，二传丁霞，接应龚翔宇，自由人王梦洁,1
日本女排派出的首发阵容为主攻石井优希、古贺纱理那，副攻荒木绘里香、岩坂名奈，二传佐藤美弥，接应新锅理沙，自由人小幡真子,1
下轮预告根据赛程安排，北京时间9月22日14:00，中国女排将迎战本届世界杯第六个对手巴西女排，后者迎来老将法比亚娜、谢拉的回归，虽然状态欠佳，但依然不能小觑,1
新华社日本横滨9月19日电（记者王镜宇、王梦）韩国排球明星金软景18日接受新华社专访时表示，她的目标是参加东京奥运会并帮助韩国队获得奖牌,1
将来退役之后，她可能会成为教练，也许有一天能成为郎平那样的教练,1
金软景正随韩国队参加女排世界杯赛,1
在18日韩国队与俄罗斯队的比赛中，主教练没有派她出场,1
金软景告诉新华社记者，韩国队在本次比赛中的目标是锻炼队伍、试验不同的打法，为明年1月的奥运落选赛做准备,1
“我们在尝试很多不同的东西，这些都是为了明年的落选赛，希望能收到好的效果,1
”金软景曾经在中国的排球超级联赛中为上海女排效力过一个赛季,1
她说，在中国打球的经历很棒，如果有机会她也许还会再回来,1
“我跟韩国队到中国比赛时去过很多地方，总会遇到支持我的球迷,1
在上海打球的时候，我也有家的感觉，因为从队友、教练到球迷，每个人都很欢迎我,1
如果有机会的话，也许我还会再到中国打球,1
”金软景与土耳其的伊萨奇巴希队还有一年的合约,1
对于一年之后的去向，她还没有打定主意,1
“我还没做决定,1
也许我想回到亚洲，也许我会留在欧洲，我不知道,1
奥运落选赛的结果、韩国队能否参加东京奥运会也是一个因素,1
所以，我希望我们能先获得奥运会资格，然后我再来作决定,1
”在这位31岁的前世界第一主攻的心目中，东京奥运会有着重要的位置,1
在2012年伦敦奥运会上，韩国队曾经获得第四名，当时金软景被评为了最有价值球员，而她的目标是帮助韩国队赢得一枚奥运奖牌,1
“当我在俱乐部打球的时候，我赢过不少冠军，也得过不少荣誉,1
我并不担心在俱乐部的成绩，因为我会在强队效力，有很多出色的队友,1
我想，只要尽力总会取得成功,1
但是，我们的国家队没有那么强，所以我特别希望能去东京奥运会，那也许是我的最后一届奥运会了,1
如果我们足够努力，也许我们能获得一块奖牌，这是我职业生涯的目标,1
”金软景透露，有朝一日退役之后，也许她会成为一名教练,1
“退役之后，也许我想成为教练,1
现在我在韩国有一些生意，也许我会继续下去,1
或许有一天，我能像中国队的郎平这样（成功），这也是我的目标,1
新华社日本横滨9月18日电（记者王镜宇、王梦）中国女排队长朱婷18日在对阵多米尼加队的比赛中得分再次上了20,1
赛后朱婷表示，中国队现在进攻更加均衡，队友们的出色表现缓解了她身上的得分压力,1
中国队球员在比赛中庆祝得分,1
本文图片来源：新华社前三轮比赛过后，朱婷以60.32%的命中率领跑扣球榜，而且没有一次扣球失误,2
朱婷虽然在18日与多米尼加队的比赛中首次出现了扣球失误，但是26扣18中，得到全场最高的20分，成功率接近70%,2
中国队球员朱婷（左）在比赛中发球,1
赛后朱婷表示，她能有较高的扣球成功率也得益于全队在进攻方面的均衡发挥，自己打得更加轻松,1
“现在左边也有、右边也有、强攻也有、副攻也有，打起来比以前更加轻松了,1
在已经结束的几场比赛中，中国队的得分都比较均衡,1
对阵多米尼加队，副攻袁心h和颜妮分别贡献了10分和7分，李盈莹和打了不到两局的龚翔宇也有11分和6分进账,2
中国队球员李盈莹在比赛中扣球,1
朱婷对与她搭档打主攻的新星李盈莹赞赏有加，朱婷说：“她的进步速度很快，给球队提供了很多帮助,1
”在朱婷看来，中国队与去年相比有了新的变化和提高,1
“的确能感受到队伍的变化，比以前更加全面了,1
在今年的集训当中，郎导在各个技术环节上都抓得很细,1
”中国队主教练郎平（右）与袁心h交流,1
中国队主教练郎平也认为，中国队的表现比去年更成熟一点了，“在场上遇到困难的时候大家没有那么惊慌了”,1
朱婷代表中国女排出战世界杯,1
9月18日，大河报记者从中国排协相关人士处了解到，河南妹子、国际知名球星朱婷将会在即将开赛的中国女排超级联赛新赛季加盟天津队,1
“基本上确定了，只是还没有官方宣布,1
”不愿透露姓名的这位知情人士透露说,1
作为世界女子排坛头号球星，朱婷上赛季还在瓦基弗银行打球的时候，关于她回归排超的传闻就已经引起了各国媒体的关注,1
由于明年是奥运年，很多强队都针对奥运备战调整了海外球员的打球计划，朱婷也是在这样的大背景下回到了排超,1
不过关于朱婷到底加盟哪支球队则成为是否回归后的又一个热议话题，球迷们站在不同的角度做出各种分析，北京,1
还是回到自己的母队河南,1
随着各队引援进入尾声，这一谜底也到了即将揭晓的时刻,1
上周，就有舆论猜测朱婷会加盟广东恒大或者天津，最终恒大主帅出来辟谣，否认了这一说法，那么剩下的就是天津了,1
“基本上定了，去天津，不过现在还没有官方宣布,1
”中国排协的这位知情人士说,1
天津女排在2017-18赛季夺得排超冠军，上赛季获得亚军后赢得了亚俱杯冠军，并得以获得参加今年世俱杯的资格，与土超瓦基弗银行、意甲诺瓦拉和巴超海滩俱乐部分在B组,1
而更加戏剧化的是，今年11月2日即将揭幕的新赛季，天津队第一阶段与河南队同分在B组，首轮轮空的天津队将在11月5日主场迎来新赛季的亮相战，对手正是朱婷的母队――河南女排,1
腾讯体育讯 北京时间9月18日，2019年女排世界杯第4轮争夺在日本展开,1
面对多米尼加的缠斗，中国女排的接应龚翔宇虽在次局因手伤暂被换下，仍成功零封对手赢得4连胜，三局比分为25-19、25-21和25-19,1
本场中国的接应曾春蕾和副攻郑益昕未进入14人名单，队长朱婷拿下全场最高的20分,2
比赛焦点：1. 中国和多米尼加在世界杯曾交手3次，分别是2003年、2011年和2015年,1
中国女排保持全胜，本场再度击败对手，实现了在世界杯对阵多米尼加的4连胜,1
2. 击败多米尼加后，中国女排斩获4连胜,1
本届世界杯仅剩中国和美国两强保持不败同积12分，中国队凭借局分优势排名榜首，美国暂列次席,1
3. 本场比赛第二局战至6平后，中国队的接应龚翔宇防守救球与李盈莹相撞，因手戳伤被换下，由张常宁改任接应,2
好在龚翔宇伤势并不严重，在第三局重新登场,2
战况回顾：首局中国凭朱婷的强攻拿下本场第1分，相持到4平后，朱婷后攻打中、B-马丁内斯进攻踩线、袁心h封死里维拉的扣球，中国连获3分7-4占先,2
多米尼加通过B-马丁内斯的扣球过轮，朱婷强攻还以颜色，拿下个人本局的第3分，帮助中国8-5领先进入第一次技术暂停,2
多米尼加串联和扣球时有失误6-11落后，随后德拉克鲁兹进攻有起色、龚翔宇一攻出界迫近到9-11，中国凭朱婷的强攻过轮12-9占先,2
B-马丁内斯扣球被防起后，朱婷网口争球处理得分，中国队在第二次技术暂停将比分拉开到16-12,2
B-马丁内斯拼发球成功追至14-16，袁心h和朱婷一攻稳定、颜妮前快打中，中国再获4分优势19-15领先,2
局末李盈莹和颜妮接连拦网得分23-17占先,2
袁心h快攻命中，中国女排25-19先下一城,2
第二局多米尼加调整接应，4平后中国凭借李盈莹的突破6-4超出,2
里维拉反击扳成6平，龚翔宇救球时与李盈莹相撞，导致手部戳伤，由张常宁入替出任接应,2
好在这一变故并未给中国队的情绪造成过大影响，袁心h快攻和探头连建功，中国在第一次技术暂停8-6占先,2
冈萨雷斯强攻追成8平，朱婷关键分过轮、对方时有失误，中国将比分拉开到11-8,2
中国利用伊芙的串联失误领先4分，袁心h快攻命中，力助本队在第二次技术暂停16-12占先,2
多米尼加用B-马丁内斯替换里维拉出任主攻旨在改善进攻，但她一传不稳，被朱婷反吊，中国将比分拉开到18-13,2
中国赢得6分优势23-17占先之际，在瓦尔加斯的发球轮一传出现波动，被追至19-23,2
朱婷强攻24-19拿下局点，多米尼加连扳2分后反击忙中出错传球连击，中国25-21再下一城,2
手伤无大碍的龚翔宇在第三局重新投入战斗,2
朱婷发扣强势、袁心h快攻稳健，中国6-3占先,2
佩妮娅扣球出界，令中国队8-4领先进入第一次技术暂停,2
丁霞和颜妮失配使得多米尼加追到6-8，李盈莹抓探头、龚翔宇反击吊球得分，中国将比分拉开到12-7,2
多米尼加追至10-12后自失频出，瓦尔加斯发球自杀、德拉克鲁兹进攻出界，中国14-10领先,2
李盈莹强攻连下球，中国在第二次技术暂停16-11占先,2
17-12领先的中国两点换三点派上二传姚迪和接应刘晏含,2
多米尼加在德拉克鲁兹的发球轮强势涨分迫近到15-17,2
朱婷进攻稳定军心、袁心h发球直接得分、刘晏含拦网成功，中国连夺3分21-16领先,2
朱婷强攻将比分定格在25-19，中国3-0战胜多米尼加,2
技术统计：中国女排：主攻朱婷20分，主攻李盈莹11分，副攻袁心h10分，副攻颜妮7分，接应龚翔宇6分,2
多米尼加女排：副攻J-马丁内斯10分，主攻德拉克鲁兹9分，主攻里维拉6分，替补接应冈萨雷斯6分,2
双方首发：中国女排：主攻朱婷、李盈莹，副攻袁心h、颜妮，接应龚翔宇，二传丁霞，自由人王梦洁,1
多米尼加女排：主攻德拉克鲁兹、里维拉，副攻伊芙、J-马丁内斯，接应B-马丁内斯，二传马尔特，自由人L-马丁内斯,1
下轮预告：明天本届世界杯将展开第5轮较量,1
北京时间9月19日18:20，中国女排对阵日本女排,1
与东道主一战，双方宿敌相争，第一阶段的收官战会上演怎样的精彩大戏,1
 （随意也随风）,1
在女排世界杯赛场，中国女排用一波三连胜霸气开局，展现了卫冕冠军的气势,1
而此番世界杯虽然在日本举办，但中国队的比赛期间，仍然出现了不少中国球迷的身影，他们挥舞的国旗和一声声加油呐喊，成为了激励球队前进的力量之一,1
这些球迷中间，不乏当年看着郎平以球员身份问鼎世界杯的老粉丝，如今他们的心愿就是再度见证中国女排登上领奖台，和球队一同高唱国歌,1
朱婷背后球迷挂出五星红旗,1
来自五湖四海，同为中国加油虽然身在海外比赛，中国女排的姑娘们却不会感到孤单,1
中国女排在9月16日下午对阵俄罗斯女排，这也是球队在世界杯开赛以来遭遇的最强对手，在这场比赛期间，来到现场的中国球迷数量也比前两天多了不少,1
看台上，出现了相当数量的中国国旗，而不论是中国队状态火热，还是场面胶着，看台上总会传出阵阵响亮的“中国队加油”的喊声,1
即便这场比赛的举办地是日本横滨，但在中国观众的帮助之下，中国女排俨然享受到了主场一般的感觉,1
现场一对专门统一购买了助威服的中国球迷告诉澎湃新闻记者，他们这个“助威团”的成员就是来自五湖四海，有的是从美国，有的是从澳大利亚赶到这里观赛，还有的就生活在日本，为了给中国姑娘们加油，大家从世界各地聚到一起,1
另外，也有从上海、深圳等国内城市赶来观赛的球迷，以及特意向学校请假从国内前来日本看球的青少年,1
其中有的“铁杆球迷”更是买了全程球票，准备陪伴中国队辗转三个城市（横滨、札幌、大阪），看完每一场比赛,1
中国VS俄罗斯，场边球迷为姚迪加油,1
IC 图请假看球，盼见证中国夺冠远赴日本观赛已经足以证明对于中国女排的喜爱，那些准备全程跟完比赛的球迷更是下了大本钱,1
半个多月的赛程，三个阶段不同比赛地的安排，意味着一笔不小的开销，不少球迷都是特意请假前来观赛,1
即便如此，球迷依然觉得很值得，“绝对值，去年世锦赛我们就来了日本现场看球，这次还带了更多的朋友一起来看比赛,1
”现场一名女球迷告诉澎湃新闻记者,1
另一位年轻球迷则说出了心中的期待，“作为球迷，我们的愿望就是等到最后一个比赛日的时候，看到中国女排站上冠军领奖台，我们一起唱国歌,1
”一名年龄较大的中年球迷表示，自己早从1981年中国女排世界杯夺冠时就开始看女排赛事，至今已近40年,1
而在1981年，正是郎平以球员身份帮助中国队首次问鼎世界冠军，如今看着郎平以主教练身份率领中国女排再次冲击世界之巅，对于球迷也是一种别样的感怀,1
此外，来到日本观赛的中国球迷中间，虽然有不少朱婷、张常宁等明星球员的粉丝，但像刘晏含等不在聚光灯下的球员，也都有自己的支持者,1
场馆外排队的球迷席地而坐,1
力争卫冕，征程才刚刚开始无论是对于在日本现场的中国女排观众，还是在屏幕面前关注着女排赛事的球迷，心中的期待无疑都是相同的：见证中国女排成功卫冕女排世界杯冠军,1
女排姑娘们身负万众期待，既是压力也是动力，正如主教练郎平此前所说，“每一次的比赛我们的目标都是升国旗，奏国歌,1
国旗象征着祖国，看到我们的同胞给我们这么多的支持，会感觉特别的有力量,1
”队员刘晏含也说，看到现场观众挥舞的中国国旗，对于自己是一种特别的激励，“首先是觉得非常自豪，身后有这么多的观众在支持我们,1
”“我们代表国家，身上肩负着重任，我们有这样的责任和义务，看到国旗升起来的时候，也会觉得所有的付出都是值得的,1
”球迷领取球员介绍手册,1
目前，赢得了开局三连胜的中国女排展现出了不错的势头,1
前三个比赛日结束后，只有中国队、荷兰队和美国队取得了三战全胜，但中国女排凭借着小分的优势暂时排在积分榜榜首,1
不过对于球队来说，争夺冠军的路程也才刚刚开始,1
在之后的比赛中，中国女排既要准备和美国队等强劲对手的正面交锋，也需要随时提防被实力一般的球队爆冷,1
毕竟在世界杯大赛，一刻都放松不得,1
转眼间到日本一周了，每天都匆匆忙忙，都有很多故事,1
朱婷率队夺得世界杯三连胜刚到的那天，走进新横滨王子酒店时，郎导问我：“这是我第几次来这个地方比赛,1
”“第三次，2008年世界女排大奖赛总决赛您带美国队来过，去年世锦赛最后阶段咱们在这里打，时隔一年，又来了,1
“记忆力太好了吧，11年前的事你还记得这么清楚,1
”赖导赞我，我没谦虚，这的确是我强项，我的记忆是照片式，回忆到什么事，我脑子里是有画面的,1
从2003年第一次采访排球就是日本世界杯，16年中的五届比赛，关于世界杯的画面，我记忆中留存的最多,1
2003年，我采访中国女排第一个的比赛，就是世界杯，我看的第一场比赛，是在仙台，中国VS土耳其,1
那时内斯里汉刚刚出道，中国女排说起对手，都会提到“那个土耳其美女”，她当时的名字还叫德尼尔,1
2003年世界杯，中国女排大阪夺冠在大阪夺冠那天，颁奖仪式最后， 场地的大屏幕上显示“SEE YOU IN 2007”，当时的感觉，2007那么遥远……四年以后，我又来了,1
这次我是追随郎导率领的美国女排而来,1
因为中国女排作为北京奥运会东道主自动获得入场券，这次世界杯我一路跟随美国队，从滨松到神户，再到名古屋,1
在滨松，美国女排碰上如日中天的巴西队,1
前两局惨败，第三局大比分落后，就在所有人都觉得美国女排没戏时，郎导换了一个替补副攻，爱称JJ，没想到从JJ上场开始，局面大变,1
或许是巴西队看到美国队换替补，松懈了，反正结果是美国女排3比2反败为胜，这样的结果气得吉马良斯直跳脚,1
新闻发布会，吉马良斯姗姗来迟，而且带来了全队队员，说是要让大家都感受一下这种难过,1
还记得新闻发布会后，吉马良斯和郎导握手时说：“我永远不明白这些女孩子在想些什么……”关于名古屋是福地的说法，也源自2007年世界杯,1
美国队在最后的决赛阶段转战名古屋，战胜日本锁定前三，第一批抢得北京奥运门票,1
郎导带着美国队员拍的那张“北京，我们来了”，就是在名古屋体育馆,1
2007年10月在日本名古屋，郎平带领美国女排拿到北京奥运会入场券的时刻让郎导至今记着的是名古屋体育馆走廊里的餐厅，拿到北京奥运入场券后，她在那里和朋友一起吃了碗面，感觉好吃极了,1
2011年世界杯，中国女排正处低谷，但是魏秋月、王一梅、马蕴雯、徐云丽、张磊、张娴一干老将和生力军惠若琪、杨B菁真的拼了,1
第二战对阵后来拿冠军的意大利拼五局，决胜局8比4领先的情况下遗憾失利，第三战对日本又是五局，在决胜局4比8落后时，《北京晚报》的孔宁拍着桌子断言：她们一定会扳回来,2
这场比赛，就是这次世界杯的转折点,1
最后一个比赛日，中国女排对阵古德蒂率领的德国队，谁胜谁拿奥运入场券,1
当时“老褶子”带的德国队很有实力，但是和现在的土耳其队一样，激情有余，稳重不足，打疯了谁也拦不住，打不好输谁都不意外,1
那年世界杯，德国队第一阶段十分强势，接连把强队拉下马，但是到了战事平稳的第二阶段，她们小河沟里翻了船……和中国队比赛之前，德国队信心十足，没想到替补出场的徐云丽，竟把她们的第一得分手格伦拦得怀疑人生,1
徐云丽的“南长城”就是那场比赛以后叫响的，后来还有人跟丽姐开玩笑说：她一出手，直接把格伦拦得心灰意冷，宣布退役,1
(文/马寅）,1
中国女排3-0战胜俄罗斯，取得世界杯三连胜，在赛后主帅郎平也出席了发布会,1
郎指导表示，中国队后面的赛程还很长，今天的胜利是因为球队一传做得好,1
“每一次跟俄罗斯队的比赛都争夺得很激烈，她们的网上高度很高也很强,1
今天的比赛我们做了认真的准备，特别是在发球和一传方面，大家打得更加专注,1
”“另外昨天晚上俄罗斯队也是打了5局到很晚，体能和精力上还有有一些影响,1
”“今天主要是一传的质量比较好，所以有机会去加强我们的快攻，这样也能够减轻我们两翼的进攻压力,1
”“（明天的安排）还要今天回去想一下，毕竟每一支球队都是连打了三场比赛，并不只是中国队，后面的赛程还有很长,1
在发布会上，郎平指导还表扬了张常宁,1
“今天张常宁的强攻发挥得很出色，很多高难度的球打得也很果断,1
”对于郎指导的赞美，张常宁则谦虚地说：“感觉自己技术上还是有很多欠缺的地方，在集训期间也希望能够有所强化，今天这场比赛感觉也发挥出来了训练中的东西，希望之后能够继续努力,1
”“（和去年世锦赛时的状态相比）其实都是一样的，一样去打球，一样上场比赛，一样去努力,1
”同时，队员袁心h也在赛后表示：“我觉得今天防守做得很好，然后心气也很足,1
我希望我们能成为一支对各种特点的球队都能有自己的一套应对的队伍,1
”轻松拿下本场胜利，中国女排的表现也震撼了俄罗斯队主教练,1
“对这场比赛我没有太多好说的，因为中国队打得太好了，进攻、防守、发球、接发球，没有任何错误,1
我们试图去对抗，但是她们打得更好，而且每局比赛都有不小的分差,1
